町丁目,FamilyType,TotalHouseholds,TotalPopulation
博多駅前１丁目,夫婦のみの世帯,31,62
博多駅前１丁目,夫婦と子供から成る世帯,31,114
博多駅前１丁目,その他の核家族世帯,23,52
博多駅前１丁目,核家族以外の世帯,19,57
博多駅前１丁目,非親族を含む世帯,9,18
博多駅前１丁目,単独世帯,647,647
博多駅前２丁目,夫婦のみの世帯,19,38
博多駅前２丁目,夫婦と子供から成る世帯,4,12
博多駅前２丁目,その他の核家族世帯,10,22
博多駅前２丁目,核家族以外の世帯,4,12
博多駅前２丁目,非親族を含む世帯,1,2
博多駅前２丁目,単独世帯,259,259
博多駅前３丁目,夫婦のみの世帯,54,108
博多駅前３丁目,夫婦と子供から成る世帯,18,66
博多駅前３丁目,その他の核家族世帯,27,58
博多駅前３丁目,核家族以外の世帯,14,46
博多駅前３丁目,非親族を含む世帯,8,17
博多駅前３丁目,単独世帯,1425,1425
博多駅前４丁目,夫婦のみの世帯,240,480
博多駅前４丁目,夫婦と子供から成る世帯,176,606
博多駅前４丁目,その他の核家族世帯,120,276
博多駅前４丁目,核家族以外の世帯,59,160
博多駅前４丁目,非親族を含む世帯,31,69
博多駅前４丁目,単独世帯,2782,2782
博多駅中央街,夫婦のみの世帯,5,10
博多駅中央街,夫婦と子供から成る世帯,1,3
博多駅中央街,その他の核家族世帯,4,8
博多駅中央街,核家族以外の世帯,0,0
博多駅中央街,非親族を含む世帯,1,2
博多駅中央街,単独世帯,58,58
博多駅東１丁目,夫婦のみの世帯,49,98
博多駅東１丁目,夫婦と子供から成る世帯,28,95
博多駅東１丁目,その他の核家族世帯,24,56
博多駅東１丁目,核家族以外の世帯,12,30
博多駅東１丁目,非親族を含む世帯,16,33
博多駅東１丁目,単独世帯,678,678
博多駅東２丁目,夫婦のみの世帯,20,40
博多駅東２丁目,夫婦と子供から成る世帯,21,67
博多駅東２丁目,その他の核家族世帯,15,34
博多駅東２丁目,核家族以外の世帯,3,8
博多駅東２丁目,非親族を含む世帯,6,12
博多駅東２丁目,単独世帯,334,334
博多駅東３丁目,夫婦のみの世帯,47,94
博多駅東３丁目,夫婦と子供から成る世帯,24,84
博多駅東３丁目,その他の核家族世帯,27,61
博多駅東３丁目,核家族以外の世帯,10,26
博多駅東３丁目,非親族を含む世帯,13,26
博多駅東３丁目,単独世帯,818,818
博多駅南１丁目,夫婦のみの世帯,33,66
博多駅南１丁目,夫婦と子供から成る世帯,35,118
博多駅南１丁目,その他の核家族世帯,18,38
博多駅南１丁目,核家族以外の世帯,13,41
博多駅南１丁目,非親族を含む世帯,12,24
博多駅南１丁目,単独世帯,1094,1094
博多駅南２丁目,夫婦のみの世帯,143,286
博多駅南２丁目,夫婦と子供から成る世帯,181,647
博多駅南２丁目,その他の核家族世帯,61,143
博多駅南２丁目,核家族以外の世帯,42,130
博多駅南２丁目,非親族を含む世帯,22,45
博多駅南２丁目,単独世帯,1548,1548
博多駅南３丁目,夫婦のみの世帯,196,392
博多駅南３丁目,夫婦と子供から成る世帯,202,729
博多駅南３丁目,その他の核家族世帯,108,249
博多駅南３丁目,核家族以外の世帯,63,168
博多駅南３丁目,非親族を含む世帯,39,85
博多駅南３丁目,単独世帯,2440,2440
博多駅南４丁目,夫婦のみの世帯,107,214
博多駅南４丁目,夫婦と子供から成る世帯,121,423
博多駅南４丁目,その他の核家族世帯,64,144
博多駅南４丁目,核家族以外の世帯,27,91
博多駅南４丁目,非親族を含む世帯,17,34
博多駅南４丁目,単独世帯,723,723
博多駅南５丁目,夫婦のみの世帯,138,276
博多駅南５丁目,夫婦と子供から成る世帯,162,574
博多駅南５丁目,その他の核家族世帯,70,159
博多駅南５丁目,核家族以外の世帯,53,183
博多駅南５丁目,非親族を含む世帯,21,44
博多駅南５丁目,単独世帯,1388,1388
博多駅南６丁目,夫婦のみの世帯,107,214
博多駅南６丁目,夫婦と子供から成る世帯,159,565
博多駅南６丁目,その他の核家族世帯,35,84
博多駅南６丁目,核家族以外の世帯,19,73
博多駅南６丁目,非親族を含む世帯,12,24
博多駅南６丁目,単独世帯,426,426
山王１丁目,夫婦のみの世帯,98,196
山王１丁目,夫婦と子供から成る世帯,156,574
山王１丁目,その他の核家族世帯,57,137
山王１丁目,核家族以外の世帯,23,68
山王１丁目,非親族を含む世帯,16,39
山王１丁目,単独世帯,425,425
山王２丁目,夫婦のみの世帯,34,68
山王２丁目,夫婦と子供から成る世帯,46,172
山王２丁目,その他の核家族世帯,15,38
山王２丁目,核家族以外の世帯,8,30
山王２丁目,非親族を含む世帯,11,22
山王２丁目,単独世帯,233,233
比恵町,夫婦のみの世帯,228,456
比恵町,夫婦と子供から成る世帯,178,609
比恵町,その他の核家族世帯,81,182
比恵町,核家族以外の世帯,56,144
比恵町,非親族を含む世帯,40,82
比恵町,単独世帯,1986,1986
美野島１丁目,夫婦のみの世帯,83,166
美野島１丁目,夫婦と子供から成る世帯,105,370
美野島１丁目,その他の核家族世帯,67,149
美野島１丁目,核家族以外の世帯,47,149
美野島１丁目,非親族を含む世帯,16,33
美野島１丁目,単独世帯,1325,1325
美野島２丁目,夫婦のみの世帯,135,270
美野島２丁目,夫婦と子供から成る世帯,163,575
美野島２丁目,その他の核家族世帯,99,224
美野島２丁目,核家族以外の世帯,60,205
美野島２丁目,非親族を含む世帯,47,100
美野島２丁目,単独世帯,1965,1965
美野島３丁目,夫婦のみの世帯,187,374
美野島３丁目,夫婦と子供から成る世帯,247,893
美野島３丁目,その他の核家族世帯,103,246
美野島３丁目,核家族以外の世帯,51,168
美野島３丁目,非親族を含む世帯,42,92
美野島３丁目,単独世帯,1492,1492
美野島４丁目,夫婦のみの世帯,208,416
美野島４丁目,夫婦と子供から成る世帯,325,1197
美野島４丁目,その他の核家族世帯,69,169
美野島４丁目,核家族以外の世帯,28,112
美野島４丁目,非親族を含む世帯,9,21
美野島４丁目,単独世帯,218,218
住吉１丁目,夫婦のみの世帯,0,0
住吉１丁目,夫婦と子供から成る世帯,1,3
住吉１丁目,その他の核家族世帯,3,9
住吉１丁目,核家族以外の世帯,3,11
住吉１丁目,非親族を含む世帯,0,0
住吉１丁目,単独世帯,25,25
住吉２丁目,夫婦のみの世帯,87,174
住吉２丁目,夫婦と子供から成る世帯,61,197
住吉２丁目,その他の核家族世帯,51,116
住吉２丁目,核家族以外の世帯,31,103
住吉２丁目,非親族を含む世帯,31,64
住吉２丁目,単独世帯,1481,1481
住吉３丁目,夫婦のみの世帯,78,156
住吉３丁目,夫婦と子供から成る世帯,43,149
住吉３丁目,その他の核家族世帯,38,83
住吉３丁目,核家族以外の世帯,31,82
住吉３丁目,非親族を含む世帯,25,50
住吉３丁目,単独世帯,1241,1241
住吉４丁目,夫婦のみの世帯,126,252
住吉４丁目,夫婦と子供から成る世帯,92,315
住吉４丁目,その他の核家族世帯,69,156
住吉４丁目,核家族以外の世帯,44,121
住吉４丁目,非親族を含む世帯,29,59
住吉４丁目,単独世帯,1427,1427
住吉５丁目,夫婦のみの世帯,125,250
住吉５丁目,夫婦と子供から成る世帯,124,439
住吉５丁目,その他の核家族世帯,86,192
住吉５丁目,核家族以外の世帯,54,183
住吉５丁目,非親族を含む世帯,26,53
住吉５丁目,単独世帯,1289,1289
上川端町,夫婦のみの世帯,46,92
上川端町,夫婦と子供から成る世帯,33,114
上川端町,その他の核家族世帯,26,58
上川端町,核家族以外の世帯,16,62
上川端町,非親族を含む世帯,4,9
上川端町,単独世帯,261,261
下川端町,夫婦のみの世帯,15,30
下川端町,夫婦と子供から成る世帯,16,54
下川端町,その他の核家族世帯,9,20
下川端町,核家族以外の世帯,3,6
下川端町,非親族を含む世帯,5,10
下川端町,単独世帯,119,119
店屋町,夫婦のみの世帯,41,82
店屋町,夫婦と子供から成る世帯,35,119
店屋町,その他の核家族世帯,18,42
店屋町,核家族以外の世帯,9,25
店屋町,非親族を含む世帯,7,14
店屋町,単独世帯,389,389
冷泉町,夫婦のみの世帯,76,152
冷泉町,夫婦と子供から成る世帯,60,216
冷泉町,その他の核家族世帯,39,91
冷泉町,核家族以外の世帯,26,83
冷泉町,非親族を含む世帯,13,27
冷泉町,単独世帯,921,921
祇園町,夫婦のみの世帯,52,104
祇園町,夫婦と子供から成る世帯,44,149
祇園町,その他の核家族世帯,50,115
祇園町,核家族以外の世帯,17,55
祇園町,非親族を含む世帯,26,59
祇園町,単独世帯,672,672
中洲１丁目,夫婦のみの世帯,0,0
中洲１丁目,夫婦と子供から成る世帯,0,0
中洲１丁目,その他の核家族世帯,1,3
中洲１丁目,核家族以外の世帯,0,0
中洲１丁目,非親族を含む世帯,0,0
中洲１丁目,単独世帯,3,3
中洲２丁目,夫婦のみの世帯,1,2
中洲２丁目,夫婦と子供から成る世帯,2,9
中洲２丁目,その他の核家族世帯,1,2
中洲２丁目,核家族以外の世帯,1,4
中洲２丁目,非親族を含む世帯,0,0
中洲２丁目,単独世帯,60,60
中洲３丁目,夫婦のみの世帯,2,4
中洲３丁目,夫婦と子供から成る世帯,1,3
中洲３丁目,その他の核家族世帯,2,4
中洲３丁目,核家族以外の世帯,1,2
中洲３丁目,非親族を含む世帯,0,0
中洲３丁目,単独世帯,3,3
中洲４丁目,夫婦のみの世帯,1,2
中洲４丁目,夫婦と子供から成る世帯,3,11
中洲４丁目,その他の核家族世帯,2,5
中洲４丁目,核家族以外の世帯,1,4
中洲４丁目,非親族を含む世帯,0,0
中洲４丁目,単独世帯,4,4
中洲５丁目,夫婦のみの世帯,13,26
中洲５丁目,夫婦と子供から成る世帯,3,11
中洲５丁目,その他の核家族世帯,4,10
中洲５丁目,核家族以外の世帯,1,2
中洲５丁目,非親族を含む世帯,4,8
中洲５丁目,単独世帯,505,505
中洲中島町,夫婦のみの世帯,28,56
中洲中島町,夫婦と子供から成る世帯,12,40
中洲中島町,その他の核家族世帯,9,24
中洲中島町,核家族以外の世帯,6,13
中洲中島町,非親族を含む世帯,6,14
中洲中島町,単独世帯,269,269
古門戸町,夫婦のみの世帯,43,86
古門戸町,夫婦と子供から成る世帯,57,209
古門戸町,その他の核家族世帯,31,66
古門戸町,核家族以外の世帯,22,81
古門戸町,非親族を含む世帯,4,8
古門戸町,単独世帯,498,498
対馬小路,夫婦のみの世帯,76,152
対馬小路,夫婦と子供から成る世帯,113,417
対馬小路,その他の核家族世帯,40,99
対馬小路,核家族以外の世帯,34,111
対馬小路,非親族を含む世帯,11,22
対馬小路,単独世帯,647,647
築港本町,夫婦のみの世帯,85,170
築港本町,夫婦と子供から成る世帯,70,242
築港本町,その他の核家族世帯,43,104
築港本町,核家族以外の世帯,19,68
築港本町,非親族を含む世帯,35,71
築港本町,単独世帯,1146,1146
奈良屋町,夫婦のみの世帯,86,172
奈良屋町,夫婦と子供から成る世帯,109,396
奈良屋町,その他の核家族世帯,52,129
奈良屋町,核家族以外の世帯,42,164
奈良屋町,非親族を含む世帯,7,15
奈良屋町,単独世帯,554,554
神屋町,夫婦のみの世帯,76,152
神屋町,夫婦と子供から成る世帯,67,237
神屋町,その他の核家族世帯,42,102
神屋町,核家族以外の世帯,27,91
神屋町,非親族を含む世帯,23,48
神屋町,単独世帯,1199,1199
須崎町,夫婦のみの世帯,54,108
須崎町,夫婦と子供から成る世帯,49,171
須崎町,その他の核家族世帯,32,72
須崎町,核家族以外の世帯,11,41
須崎町,非親族を含む世帯,7,16
須崎町,単独世帯,552,552
綱場町,夫婦のみの世帯,20,40
綱場町,夫婦と子供から成る世帯,13,45
綱場町,その他の核家族世帯,13,27
綱場町,核家族以外の世帯,11,30
綱場町,非親族を含む世帯,7,14
綱場町,単独世帯,410,410
石城町,夫婦のみの世帯,46,92
石城町,夫婦と子供から成る世帯,47,172
石城町,その他の核家族世帯,32,70
石城町,核家族以外の世帯,13,38
石城町,非親族を含む世帯,6,13
石城町,単独世帯,799,799
上呉服町,夫婦のみの世帯,58,116
上呉服町,夫婦と子供から成る世帯,86,309
上呉服町,その他の核家族世帯,37,82
上呉服町,核家族以外の世帯,34,142
上呉服町,非親族を含む世帯,6,16
上呉服町,単独世帯,514,514
中呉服町,夫婦のみの世帯,36,72
中呉服町,夫婦と子供から成る世帯,23,80
中呉服町,その他の核家族世帯,18,39
中呉服町,核家族以外の世帯,12,32
中呉服町,非親族を含む世帯,11,23
中呉服町,単独世帯,811,811
下呉服町,夫婦のみの世帯,70,140
下呉服町,夫婦と子供から成る世帯,90,329
下呉服町,その他の核家族世帯,55,128
下呉服町,核家族以外の世帯,33,112
下呉服町,非親族を含む世帯,4,10
下呉服町,単独世帯,981,981
大博町,夫婦のみの世帯,70,140
大博町,夫婦と子供から成る世帯,86,311
大博町,その他の核家族世帯,54,133
大博町,核家族以外の世帯,34,111
大博町,非親族を含む世帯,16,38
大博町,単独世帯,711,711
御供所町,夫婦のみの世帯,52,104
御供所町,夫婦と子供から成る世帯,61,214
御供所町,その他の核家族世帯,29,63
御供所町,核家族以外の世帯,24,79
御供所町,非親族を含む世帯,12,29
御供所町,単独世帯,524,524
千代１丁目,夫婦のみの世帯,219,438
千代１丁目,夫婦と子供から成る世帯,152,542
千代１丁目,その他の核家族世帯,128,311
千代１丁目,核家族以外の世帯,76,230
千代１丁目,非親族を含む世帯,34,70
千代１丁目,単独世帯,1479,1479
千代２丁目,夫婦のみの世帯,59,118
千代２丁目,夫婦と子供から成る世帯,34,119
千代２丁目,その他の核家族世帯,49,117
千代２丁目,核家族以外の世帯,16,49
千代２丁目,非親族を含む世帯,11,25
千代２丁目,単独世帯,912,912
千代３丁目,夫婦のみの世帯,156,312
千代３丁目,夫婦と子供から成る世帯,126,467
千代３丁目,その他の核家族世帯,116,279
千代３丁目,核家族以外の世帯,42,112
千代３丁目,非親族を含む世帯,24,51
千代３丁目,単独世帯,990,990
千代４丁目,夫婦のみの世帯,57,114
千代４丁目,夫婦と子供から成る世帯,36,117
千代４丁目,その他の核家族世帯,49,116
千代４丁目,核家族以外の世帯,32,98
千代４丁目,非親族を含む世帯,18,36
千代４丁目,単独世帯,1486,1486
千代５丁目,夫婦のみの世帯,113,226
千代５丁目,夫婦と子供から成る世帯,106,390
千代５丁目,その他の核家族世帯,87,209
千代５丁目,核家族以外の世帯,34,101
千代５丁目,非親族を含む世帯,10,22
千代５丁目,単独世帯,703,703
千代６丁目,夫婦のみの世帯,26,52
千代６丁目,夫婦と子供から成る世帯,16,61
千代６丁目,その他の核家族世帯,25,59
千代６丁目,核家族以外の世帯,6,18
千代６丁目,非親族を含む世帯,4,10
千代６丁目,単独世帯,490,490
東公園,夫婦のみの世帯,13,26
東公園,夫婦と子供から成る世帯,11,42
東公園,その他の核家族世帯,5,10
東公園,核家族以外の世帯,6,20
東公園,非親族を含む世帯,2,6
東公園,単独世帯,196,196
吉塚本町,夫婦のみの世帯,102,204
吉塚本町,夫婦と子供から成る世帯,126,433
吉塚本町,その他の核家族世帯,31,73
吉塚本町,核家族以外の世帯,19,76
吉塚本町,非親族を含む世帯,21,45
吉塚本町,単独世帯,477,477
吉塚１丁目,夫婦のみの世帯,180,360
吉塚１丁目,夫婦と子供から成る世帯,183,660
吉塚１丁目,その他の核家族世帯,132,330
吉塚１丁目,核家族以外の世帯,67,219
吉塚１丁目,非親族を含む世帯,24,48
吉塚１丁目,単独世帯,1105,1105
吉塚２丁目,夫婦のみの世帯,142,284
吉塚２丁目,夫婦と子供から成る世帯,200,745
吉塚２丁目,その他の核家族世帯,79,185
吉塚２丁目,核家族以外の世帯,52,169
吉塚２丁目,非親族を含む世帯,15,35
吉塚２丁目,単独世帯,723,723
吉塚３丁目,夫婦のみの世帯,119,238
吉塚３丁目,夫婦と子供から成る世帯,149,530
吉塚３丁目,その他の核家族世帯,88,207
吉塚３丁目,核家族以外の世帯,38,128
吉塚３丁目,非親族を含む世帯,11,27
吉塚３丁目,単独世帯,598,598
吉塚４丁目,夫婦のみの世帯,207,414
吉塚４丁目,夫婦と子供から成る世帯,353,1258
吉塚４丁目,その他の核家族世帯,122,297
吉塚４丁目,核家族以外の世帯,58,211
吉塚４丁目,非親族を含む世帯,29,63
吉塚４丁目,単独世帯,649,649
吉塚５丁目,夫婦のみの世帯,122,244
吉塚５丁目,夫婦と子供から成る世帯,209,777
吉塚５丁目,その他の核家族世帯,72,181
吉塚５丁目,核家族以外の世帯,47,165
吉塚５丁目,非親族を含む世帯,10,25
吉塚５丁目,単独世帯,496,496
吉塚６丁目,夫婦のみの世帯,195,390
吉塚６丁目,夫婦と子供から成る世帯,256,927
吉塚６丁目,その他の核家族世帯,106,249
吉塚６丁目,核家族以外の世帯,42,129
吉塚６丁目,非親族を含む世帯,15,30
吉塚６丁目,単独世帯,1010,1010
吉塚７丁目,夫婦のみの世帯,154,308
吉塚７丁目,夫婦と子供から成る世帯,199,704
吉塚７丁目,その他の核家族世帯,73,173
吉塚７丁目,核家族以外の世帯,43,140
吉塚７丁目,非親族を含む世帯,11,22
吉塚７丁目,単独世帯,616,616
吉塚８丁目,夫婦のみの世帯,30,60
吉塚８丁目,夫婦と子供から成る世帯,47,170
吉塚８丁目,その他の核家族世帯,22,56
吉塚８丁目,核家族以外の世帯,11,34
吉塚８丁目,非親族を含む世帯,11,22
吉塚８丁目,単独世帯,159,159
豊１丁目,夫婦のみの世帯,73,146
豊１丁目,夫婦と子供から成る世帯,71,247
豊１丁目,その他の核家族世帯,24,59
豊１丁目,核家族以外の世帯,21,59
豊１丁目,非親族を含む世帯,16,32
豊１丁目,単独世帯,522,522
豊２丁目,夫婦のみの世帯,56,112
豊２丁目,夫婦と子供から成る世帯,54,185
豊２丁目,その他の核家族世帯,10,20
豊２丁目,核家族以外の世帯,9,24
豊２丁目,非親族を含む世帯,20,40
豊２丁目,単独世帯,288,288
榎田１丁目,夫婦のみの世帯,51,102
榎田１丁目,夫婦と子供から成る世帯,76,280
榎田１丁目,その他の核家族世帯,7,15
榎田１丁目,核家族以外の世帯,19,44
榎田１丁目,非親族を含む世帯,10,20
榎田１丁目,単独世帯,407,407
榎田２丁目,夫婦のみの世帯,4,8
榎田２丁目,夫婦と子供から成る世帯,3,11
榎田２丁目,その他の核家族世帯,0,0
榎田２丁目,核家族以外の世帯,0,0
榎田２丁目,非親族を含む世帯,0,0
榎田２丁目,単独世帯,23,23
堅粕１丁目,夫婦のみの世帯,81,162
堅粕１丁目,夫婦と子供から成る世帯,79,285
堅粕１丁目,その他の核家族世帯,63,153
堅粕１丁目,核家族以外の世帯,17,55
堅粕１丁目,非親族を含む世帯,1,2
堅粕１丁目,単独世帯,403,403
堅粕２丁目,夫婦のみの世帯,73,146
堅粕２丁目,夫婦と子供から成る世帯,73,269
堅粕２丁目,その他の核家族世帯,46,106
堅粕２丁目,核家族以外の世帯,17,52
堅粕２丁目,非親族を含む世帯,6,12
堅粕２丁目,単独世帯,408,408
堅粕３丁目,夫婦のみの世帯,77,154
堅粕３丁目,夫婦と子供から成る世帯,75,260
堅粕３丁目,その他の核家族世帯,54,126
堅粕３丁目,核家族以外の世帯,42,117
堅粕３丁目,非親族を含む世帯,14,30
堅粕３丁目,単独世帯,655,655
堅粕４丁目,夫婦のみの世帯,70,140
堅粕４丁目,夫婦と子供から成る世帯,83,273
堅粕４丁目,その他の核家族世帯,45,103
堅粕４丁目,核家族以外の世帯,38,139
堅粕４丁目,非親族を含む世帯,12,25
堅粕４丁目,単独世帯,847,847
堅粕５丁目,夫婦のみの世帯,24,48
堅粕５丁目,夫婦と子供から成る世帯,15,52
堅粕５丁目,その他の核家族世帯,7,14
堅粕５丁目,核家族以外の世帯,8,23
堅粕５丁目,非親族を含む世帯,9,18
堅粕５丁目,単独世帯,377,377
東光１丁目,夫婦のみの世帯,11,22
東光１丁目,夫婦と子供から成る世帯,0,0
東光１丁目,その他の核家族世帯,2,4
東光１丁目,核家族以外の世帯,1,2
東光１丁目,非親族を含む世帯,4,8
東光１丁目,単独世帯,152,152
東光２丁目,夫婦のみの世帯,76,152
東光２丁目,夫婦と子供から成る世帯,73,270
東光２丁目,その他の核家族世帯,42,103
東光２丁目,核家族以外の世帯,22,65
東光２丁目,非親族を含む世帯,12,26
東光２丁目,単独世帯,386,386
東比恵１丁目,夫婦のみの世帯,11,22
東比恵１丁目,夫婦と子供から成る世帯,5,16
東比恵１丁目,その他の核家族世帯,7,16
東比恵１丁目,核家族以外の世帯,2,8
東比恵１丁目,非親族を含む世帯,1,2
東比恵１丁目,単独世帯,124,124
東比恵２丁目,夫婦のみの世帯,54,108
東比恵２丁目,夫婦と子供から成る世帯,40,140
東比恵２丁目,その他の核家族世帯,29,67
東比恵２丁目,核家族以外の世帯,10,32
東比恵２丁目,非親族を含む世帯,4,8
東比恵２丁目,単独世帯,592,592
東比恵３丁目,夫婦のみの世帯,142,284
東比恵３丁目,夫婦と子供から成る世帯,155,534
東比恵３丁目,その他の核家族世帯,49,114
東比恵３丁目,核家族以外の世帯,19,70
東比恵３丁目,非親族を含む世帯,17,37
東比恵３丁目,単独世帯,820,820
東比恵４丁目,夫婦のみの世帯,59,118
東比恵４丁目,夫婦と子供から成る世帯,75,275
東比恵４丁目,その他の核家族世帯,36,84
東比恵４丁目,核家族以外の世帯,16,48
東比恵４丁目,非親族を含む世帯,6,12
東比恵４丁目,単独世帯,307,307
上牟田１丁目,夫婦のみの世帯,56,112
上牟田１丁目,夫婦と子供から成る世帯,96,336
上牟田１丁目,その他の核家族世帯,25,65
上牟田１丁目,核家族以外の世帯,17,72
上牟田１丁目,非親族を含む世帯,9,18
上牟田１丁目,単独世帯,364,364
上牟田２丁目,夫婦のみの世帯,10,20
上牟田２丁目,夫婦と子供から成る世帯,13,46
上牟田２丁目,その他の核家族世帯,3,6
上牟田２丁目,核家族以外の世帯,8,29
上牟田２丁目,非親族を含む世帯,1,2
上牟田２丁目,単独世帯,34,34
上牟田３丁目,夫婦のみの世帯,46,92
上牟田３丁目,夫婦と子供から成る世帯,54,201
上牟田３丁目,その他の核家族世帯,43,103
上牟田３丁目,核家族以外の世帯,24,91
上牟田３丁目,非親族を含む世帯,3,6
上牟田３丁目,単独世帯,162,162
大井１丁目,夫婦のみの世帯,2,4
大井１丁目,夫婦と子供から成る世帯,1,3
大井１丁目,その他の核家族世帯,2,4
大井１丁目,核家族以外の世帯,1,6
大井１丁目,非親族を含む世帯,1,2
大井１丁目,単独世帯,4,4
大井２丁目,夫婦のみの世帯,21,42
大井２丁目,夫婦と子供から成る世帯,31,114
大井２丁目,その他の核家族世帯,15,39
大井２丁目,核家族以外の世帯,4,16
大井２丁目,非親族を含む世帯,5,10
大井２丁目,単独世帯,85,85
大字下臼井,夫婦のみの世帯,0,0
大字下臼井,夫婦と子供から成る世帯,0,0
大字下臼井,その他の核家族世帯,0,0
大字下臼井,核家族以外の世帯,0,0
大字下臼井,非親族を含む世帯,0,0
大字下臼井,単独世帯,0,0
大字下月隈,夫婦のみの世帯,0,0
大字下月隈,夫婦と子供から成る世帯,0,0
大字下月隈,その他の核家族世帯,0,0
大字下月隈,核家族以外の世帯,0,0
大字下月隈,非親族を含む世帯,0,0
大字下月隈,単独世帯,0,0
大字立花寺,夫婦のみの世帯,9,18
大字立花寺,夫婦と子供から成る世帯,29,114
大字立花寺,その他の核家族世帯,8,21
大字立花寺,核家族以外の世帯,9,43
大字立花寺,非親族を含む世帯,0,0
大字立花寺,単独世帯,6,6
大字金隈,夫婦のみの世帯,0,0
大字金隈,夫婦と子供から成る世帯,0,0
大字金隈,その他の核家族世帯,0,0
大字金隈,核家族以外の世帯,0,0
大字金隈,非親族を含む世帯,0,0
大字金隈,単独世帯,0,0
西月隈１丁目,夫婦のみの世帯,20,40
西月隈１丁目,夫婦と子供から成る世帯,18,62
西月隈１丁目,その他の核家族世帯,11,30
西月隈１丁目,核家族以外の世帯,7,28
西月隈１丁目,非親族を含む世帯,2,6
西月隈１丁目,単独世帯,120,120
西月隈３丁目,夫婦のみの世帯,76,152
西月隈３丁目,夫婦と子供から成る世帯,151,533
西月隈３丁目,その他の核家族世帯,36,83
西月隈３丁目,核家族以外の世帯,12,50
西月隈３丁目,非親族を含む世帯,6,17
西月隈３丁目,単独世帯,192,192
西月隈４丁目,夫婦のみの世帯,0,0
西月隈４丁目,夫婦と子供から成る世帯,0,0
西月隈４丁目,その他の核家族世帯,0,0
西月隈４丁目,核家族以外の世帯,0,0
西月隈４丁目,非親族を含む世帯,0,0
西月隈４丁目,単独世帯,13,13
西月隈５丁目,夫婦のみの世帯,31,62
西月隈５丁目,夫婦と子供から成る世帯,59,219
西月隈５丁目,その他の核家族世帯,30,68
西月隈５丁目,核家族以外の世帯,22,92
西月隈５丁目,非親族を含む世帯,3,6
西月隈５丁目,単独世帯,108,108
西月隈６丁目,夫婦のみの世帯,0,0
西月隈６丁目,夫婦と子供から成る世帯,4,18
西月隈６丁目,その他の核家族世帯,1,3
西月隈６丁目,核家族以外の世帯,1,2
西月隈６丁目,非親族を含む世帯,2,4
西月隈６丁目,単独世帯,23,23
東月隈１丁目,夫婦のみの世帯,76,152
東月隈１丁目,夫婦と子供から成る世帯,85,309
東月隈１丁目,その他の核家族世帯,25,62
東月隈１丁目,核家族以外の世帯,22,87
東月隈１丁目,非親族を含む世帯,1,2
東月隈１丁目,単独世帯,38,38
東月隈２丁目,夫婦のみの世帯,80,160
東月隈２丁目,夫婦と子供から成る世帯,76,258
東月隈２丁目,その他の核家族世帯,17,41
東月隈２丁目,核家族以外の世帯,27,127
東月隈２丁目,非親族を含む世帯,0,0
東月隈２丁目,単独世帯,28,28
東月隈３丁目,夫婦のみの世帯,112,224
東月隈３丁目,夫婦と子供から成る世帯,119,431
東月隈３丁目,その他の核家族世帯,38,94
東月隈３丁目,核家族以外の世帯,35,153
東月隈３丁目,非親族を含む世帯,1,5
東月隈３丁目,単独世帯,99,99
東月隈４丁目,夫婦のみの世帯,155,310
東月隈４丁目,夫婦と子供から成る世帯,169,654
東月隈４丁目,その他の核家族世帯,166,397
東月隈４丁目,核家族以外の世帯,43,146
東月隈４丁目,非親族を含む世帯,7,18
東月隈４丁目,単独世帯,262,262
東月隈５丁目,夫婦のみの世帯,94,188
東月隈５丁目,夫婦と子供から成る世帯,101,352
東月隈５丁目,その他の核家族世帯,31,69
東月隈５丁目,核家族以外の世帯,55,247
東月隈５丁目,非親族を含む世帯,3,12
東月隈５丁目,単独世帯,84,84
浦田１丁目,夫婦のみの世帯,118,236
浦田１丁目,夫婦と子供から成る世帯,231,840
浦田１丁目,その他の核家族世帯,71,188
浦田１丁目,核家族以外の世帯,56,241
浦田１丁目,非親族を含む世帯,8,20
浦田１丁目,単独世帯,170,170
浦田２丁目,夫婦のみの世帯,74,148
浦田２丁目,夫婦と子供から成る世帯,187,685
浦田２丁目,その他の核家族世帯,23,62
浦田２丁目,核家族以外の世帯,28,109
浦田２丁目,非親族を含む世帯,2,7
浦田２丁目,単独世帯,112,112
東那珂１丁目,夫婦のみの世帯,109,218
東那珂１丁目,夫婦と子供から成る世帯,251,936
東那珂１丁目,その他の核家族世帯,53,130
東那珂１丁目,核家族以外の世帯,31,125
東那珂１丁目,非親族を含む世帯,12,24
東那珂１丁目,単独世帯,327,327
東那珂２丁目,夫婦のみの世帯,94,188
東那珂２丁目,夫婦と子供から成る世帯,181,667
東那珂２丁目,その他の核家族世帯,46,115
東那珂２丁目,核家族以外の世帯,30,104
東那珂２丁目,非親族を含む世帯,9,20
東那珂２丁目,単独世帯,292,292
東那珂３丁目,夫婦のみの世帯,85,170
東那珂３丁目,夫婦と子供から成る世帯,190,715
東那珂３丁目,その他の核家族世帯,60,146
東那珂３丁目,核家族以外の世帯,43,173
東那珂３丁目,非親族を含む世帯,8,21
東那珂３丁目,単独世帯,177,177
半道橋１丁目,夫婦のみの世帯,127,254
半道橋１丁目,夫婦と子供から成る世帯,218,789
半道橋１丁目,その他の核家族世帯,65,155
半道橋１丁目,核家族以外の世帯,41,149
半道橋１丁目,非親族を含む世帯,9,21
半道橋１丁目,単独世帯,288,288
半道橋２丁目,夫婦のみの世帯,19,38
半道橋２丁目,夫婦と子供から成る世帯,14,49
半道橋２丁目,その他の核家族世帯,9,19
半道橋２丁目,核家族以外の世帯,10,35
半道橋２丁目,非親族を含む世帯,3,9
半道橋２丁目,単独世帯,54,54
竹下１丁目,夫婦のみの世帯,54,108
竹下１丁目,夫婦と子供から成る世帯,76,274
竹下１丁目,その他の核家族世帯,19,45
竹下１丁目,核家族以外の世帯,7,23
竹下１丁目,非親族を含む世帯,5,11
竹下１丁目,単独世帯,362,362
竹下２丁目,夫婦のみの世帯,37,74
竹下２丁目,夫婦と子供から成る世帯,23,85
竹下２丁目,その他の核家族世帯,7,15
竹下２丁目,核家族以外の世帯,6,18
竹下２丁目,非親族を含む世帯,7,14
竹下２丁目,単独世帯,374,374
竹下３丁目,夫婦のみの世帯,0,0
竹下３丁目,夫婦と子供から成る世帯,0,0
竹下３丁目,その他の核家族世帯,0,0
竹下３丁目,核家族以外の世帯,0,0
竹下３丁目,非親族を含む世帯,0,0
竹下３丁目,単独世帯,0,0
竹下４丁目,夫婦のみの世帯,71,142
竹下４丁目,夫婦と子供から成る世帯,59,202
竹下４丁目,その他の核家族世帯,48,112
竹下４丁目,核家族以外の世帯,14,48
竹下４丁目,非親族を含む世帯,10,21
竹下４丁目,単独世帯,496,496
竹下５丁目,夫婦のみの世帯,90,180
竹下５丁目,夫婦と子供から成る世帯,155,556
竹下５丁目,その他の核家族世帯,33,81
竹下５丁目,核家族以外の世帯,23,78
竹下５丁目,非親族を含む世帯,5,11
竹下５丁目,単独世帯,410,410
東光寺町１丁目,夫婦のみの世帯,65,130
東光寺町１丁目,夫婦と子供から成る世帯,71,259
東光寺町１丁目,その他の核家族世帯,18,45
東光寺町１丁目,核家族以外の世帯,20,80
東光寺町１丁目,非親族を含む世帯,14,30
東光寺町１丁目,単独世帯,188,188
東光寺町２丁目,夫婦のみの世帯,44,88
東光寺町２丁目,夫婦と子供から成る世帯,100,368
東光寺町２丁目,その他の核家族世帯,29,77
東光寺町２丁目,核家族以外の世帯,6,21
東光寺町２丁目,非親族を含む世帯,1,2
東光寺町２丁目,単独世帯,86,86
那珂１丁目,夫婦のみの世帯,117,234
那珂１丁目,夫婦と子供から成る世帯,197,705
那珂１丁目,その他の核家族世帯,66,166
那珂１丁目,核家族以外の世帯,48,188
那珂１丁目,非親族を含む世帯,10,27
那珂１丁目,単独世帯,520,520
那珂２丁目,夫婦のみの世帯,98,196
那珂２丁目,夫婦と子供から成る世帯,158,580
那珂２丁目,その他の核家族世帯,41,96
那珂２丁目,核家族以外の世帯,26,97
那珂２丁目,非親族を含む世帯,3,6
那珂２丁目,単独世帯,245,245
那珂３丁目,夫婦のみの世帯,113,226
那珂３丁目,夫婦と子供から成る世帯,249,945
那珂３丁目,その他の核家族世帯,118,288
那珂３丁目,核家族以外の世帯,36,140
那珂３丁目,非親族を含む世帯,11,25
那珂３丁目,単独世帯,254,254
那珂４丁目,夫婦のみの世帯,84,168
那珂４丁目,夫婦と子供から成る世帯,228,852
那珂４丁目,その他の核家族世帯,62,150
那珂４丁目,核家族以外の世帯,32,121
那珂４丁目,非親族を含む世帯,4,10
那珂４丁目,単独世帯,200,200
那珂５丁目,夫婦のみの世帯,66,132
那珂５丁目,夫婦と子供から成る世帯,126,458
那珂５丁目,その他の核家族世帯,46,114
那珂５丁目,核家族以外の世帯,21,83
那珂５丁目,非親族を含む世帯,5,15
那珂５丁目,単独世帯,223,223
那珂６丁目,夫婦のみの世帯,58,116
那珂６丁目,夫婦と子供から成る世帯,124,454
那珂６丁目,その他の核家族世帯,25,62
那珂６丁目,核家族以外の世帯,17,78
那珂６丁目,非親族を含む世帯,0,0
那珂６丁目,単独世帯,228,228
板付１丁目,夫婦のみの世帯,33,66
板付１丁目,夫婦と子供から成る世帯,56,194
板付１丁目,その他の核家族世帯,11,25
板付１丁目,核家族以外の世帯,9,32
板付１丁目,非親族を含む世帯,3,9
板付１丁目,単独世帯,84,84
板付２丁目,夫婦のみの世帯,64,128
板付２丁目,夫婦と子供から成る世帯,129,479
板付２丁目,その他の核家族世帯,31,77
板付２丁目,核家族以外の世帯,32,133
板付２丁目,非親族を含む世帯,4,9
板付２丁目,単独世帯,112,112
板付３丁目,夫婦のみの世帯,301,602
板付３丁目,夫婦と子供から成る世帯,357,1327
板付３丁目,その他の核家族世帯,285,667
板付３丁目,核家族以外の世帯,76,285
板付３丁目,非親族を含む世帯,7,19
板付３丁目,単独世帯,558,558
板付４丁目,夫婦のみの世帯,116,232
板付４丁目,夫婦と子供から成る世帯,164,600
板付４丁目,その他の核家族世帯,83,196
板付４丁目,核家族以外の世帯,22,79
板付４丁目,非親族を含む世帯,6,16
板付４丁目,単独世帯,317,317
板付５丁目,夫婦のみの世帯,79,158
板付５丁目,夫婦と子供から成る世帯,182,660
板付５丁目,その他の核家族世帯,54,130
板付５丁目,核家族以外の世帯,29,130
板付５丁目,非親族を含む世帯,5,16
板付５丁目,単独世帯,286,286
板付６丁目,夫婦のみの世帯,47,94
板付６丁目,夫婦と子供から成る世帯,87,315
板付６丁目,その他の核家族世帯,21,53
板付６丁目,核家族以外の世帯,11,45
板付６丁目,非親族を含む世帯,3,6
板付６丁目,単独世帯,106,106
板付７丁目,夫婦のみの世帯,161,322
板付７丁目,夫婦と子供から成る世帯,306,1148
板付７丁目,その他の核家族世帯,118,284
板付７丁目,核家族以外の世帯,34,116
板付７丁目,非親族を含む世帯,13,27
板付７丁目,単独世帯,360,360
大字板付,夫婦のみの世帯,10,20
大字板付,夫婦と子供から成る世帯,16,55
大字板付,その他の核家族世帯,6,16
大字板付,核家族以外の世帯,4,17
大字板付,非親族を含む世帯,0,0
大字板付,単独世帯,9,9
諸岡１丁目,夫婦のみの世帯,64,128
諸岡１丁目,夫婦と子供から成る世帯,128,464
諸岡１丁目,その他の核家族世帯,36,86
諸岡１丁目,核家族以外の世帯,35,160
諸岡１丁目,非親族を含む世帯,0,0
諸岡１丁目,単独世帯,77,77
諸岡２丁目,夫婦のみの世帯,89,178
諸岡２丁目,夫婦と子供から成る世帯,126,452
諸岡２丁目,その他の核家族世帯,46,116
諸岡２丁目,核家族以外の世帯,14,60
諸岡２丁目,非親族を含む世帯,9,25
諸岡２丁目,単独世帯,193,193
諸岡３丁目,夫婦のみの世帯,218,436
諸岡３丁目,夫婦と子供から成る世帯,506,1876
諸岡３丁目,その他の核家族世帯,120,289
諸岡３丁目,核家族以外の世帯,75,291
諸岡３丁目,非親族を含む世帯,14,38
諸岡３丁目,単独世帯,699,699
諸岡４丁目,夫婦のみの世帯,146,292
諸岡４丁目,夫婦と子供から成る世帯,160,564
諸岡４丁目,その他の核家族世帯,73,166
諸岡４丁目,核家族以外の世帯,57,217
諸岡４丁目,非親族を含む世帯,17,43
諸岡４丁目,単独世帯,380,380
諸岡５丁目,夫婦のみの世帯,136,272
諸岡５丁目,夫婦と子供から成る世帯,215,768
諸岡５丁目,その他の核家族世帯,62,150
諸岡５丁目,核家族以外の世帯,41,158
諸岡５丁目,非親族を含む世帯,6,12
諸岡５丁目,単独世帯,464,464
諸岡６丁目,夫婦のみの世帯,109,218
諸岡６丁目,夫婦と子供から成る世帯,154,530
諸岡６丁目,その他の核家族世帯,42,98
諸岡６丁目,核家族以外の世帯,32,128
諸岡６丁目,非親族を含む世帯,12,29
諸岡６丁目,単独世帯,289,289
麦野１丁目,夫婦のみの世帯,74,148
麦野１丁目,夫婦と子供から成る世帯,84,291
麦野１丁目,その他の核家族世帯,32,69
麦野１丁目,核家族以外の世帯,38,170
麦野１丁目,非親族を含む世帯,3,7
麦野１丁目,単独世帯,152,152
麦野２丁目,夫婦のみの世帯,85,170
麦野２丁目,夫婦と子供から成る世帯,143,519
麦野２丁目,その他の核家族世帯,49,125
麦野２丁目,核家族以外の世帯,18,69
麦野２丁目,非親族を含む世帯,3,8
麦野２丁目,単独世帯,107,107
麦野３丁目,夫婦のみの世帯,55,110
麦野３丁目,夫婦と子供から成る世帯,130,501
麦野３丁目,その他の核家族世帯,30,85
麦野３丁目,核家族以外の世帯,21,95
麦野３丁目,非親族を含む世帯,4,10
麦野３丁目,単独世帯,174,174
麦野４丁目,夫婦のみの世帯,124,248
麦野４丁目,夫婦と子供から成る世帯,162,588
麦野４丁目,その他の核家族世帯,78,187
麦野４丁目,核家族以外の世帯,34,125
麦野４丁目,非親族を含む世帯,11,27
麦野４丁目,単独世帯,533,533
麦野５丁目,夫婦のみの世帯,133,266
麦野５丁目,夫婦と子供から成る世帯,176,626
麦野５丁目,その他の核家族世帯,88,209
麦野５丁目,核家族以外の世帯,44,170
麦野５丁目,非親族を含む世帯,9,23
麦野５丁目,単独世帯,349,349
麦野６丁目,夫婦のみの世帯,82,164
麦野６丁目,夫婦と子供から成る世帯,98,343
麦野６丁目,その他の核家族世帯,51,116
麦野６丁目,核家族以外の世帯,37,130
麦野６丁目,非親族を含む世帯,10,20
麦野６丁目,単独世帯,499,499
井相田１丁目,夫婦のみの世帯,8,16
井相田１丁目,夫婦と子供から成る世帯,33,128
井相田１丁目,その他の核家族世帯,7,18
井相田１丁目,核家族以外の世帯,0,0
井相田１丁目,非親族を含む世帯,1,2
井相田１丁目,単独世帯,40,40
井相田２丁目,夫婦のみの世帯,22,44
井相田２丁目,夫婦と子供から成る世帯,78,287
井相田２丁目,その他の核家族世帯,9,25
井相田２丁目,核家族以外の世帯,5,20
井相田２丁目,非親族を含む世帯,2,4
井相田２丁目,単独世帯,71,71
井相田３丁目,夫婦のみの世帯,106,212
井相田３丁目,夫婦と子供から成る世帯,147,529
井相田３丁目,その他の核家族世帯,23,59
井相田３丁目,核家族以外の世帯,29,118
井相田３丁目,非親族を含む世帯,12,28
井相田３丁目,単独世帯,248,248
三筑１丁目,夫婦のみの世帯,63,126
三筑１丁目,夫婦と子供から成る世帯,179,677
三筑１丁目,その他の核家族世帯,34,85
三筑１丁目,核家族以外の世帯,19,74
三筑１丁目,非親族を含む世帯,5,11
三筑１丁目,単独世帯,165,165
三筑２丁目,夫婦のみの世帯,118,236
三筑２丁目,夫婦と子供から成る世帯,234,872
三筑２丁目,その他の核家族世帯,82,215
三筑２丁目,核家族以外の世帯,37,145
三筑２丁目,非親族を含む世帯,9,22
三筑２丁目,単独世帯,424,424
相生町１丁目,夫婦のみの世帯,46,92
相生町１丁目,夫婦と子供から成る世帯,89,321
相生町１丁目,その他の核家族世帯,25,60
相生町１丁目,核家族以外の世帯,4,16
相生町１丁目,非親族を含む世帯,1,2
相生町１丁目,単独世帯,33,33
相生町２丁目,夫婦のみの世帯,39,78
相生町２丁目,夫婦と子供から成る世帯,51,182
相生町２丁目,その他の核家族世帯,13,28
相生町２丁目,核家族以外の世帯,10,40
相生町２丁目,非親族を含む世帯,3,6
相生町２丁目,単独世帯,224,224
相生町３丁目,夫婦のみの世帯,59,118
相生町３丁目,夫婦と子供から成る世帯,87,308
相生町３丁目,その他の核家族世帯,47,116
相生町３丁目,核家族以外の世帯,16,49
相生町３丁目,非親族を含む世帯,8,21
相生町３丁目,単独世帯,201,201
銀天町１丁目,夫婦のみの世帯,20,40
銀天町１丁目,夫婦と子供から成る世帯,37,128
銀天町１丁目,その他の核家族世帯,14,35
銀天町１丁目,核家族以外の世帯,4,17
銀天町１丁目,非親族を含む世帯,0,0
銀天町１丁目,単独世帯,57,57
銀天町２丁目,夫婦のみの世帯,19,38
銀天町２丁目,夫婦と子供から成る世帯,19,68
銀天町２丁目,その他の核家族世帯,7,17
銀天町２丁目,核家族以外の世帯,2,5
銀天町２丁目,非親族を含む世帯,2,4
銀天町２丁目,単独世帯,116,116
銀天町３丁目,夫婦のみの世帯,17,34
銀天町３丁目,夫婦と子供から成る世帯,15,50
銀天町３丁目,その他の核家族世帯,9,18
銀天町３丁目,核家族以外の世帯,5,13
銀天町３丁目,非親族を含む世帯,4,8
銀天町３丁目,単独世帯,167,167
寿町１丁目,夫婦のみの世帯,18,36
寿町１丁目,夫婦と子供から成る世帯,17,59
寿町１丁目,その他の核家族世帯,1,2
寿町１丁目,核家族以外の世帯,0,0
寿町１丁目,非親族を含む世帯,0,0
寿町１丁目,単独世帯,5,5
寿町２丁目,夫婦のみの世帯,71,142
寿町２丁目,夫婦と子供から成る世帯,65,228
寿町２丁目,その他の核家族世帯,23,51
寿町２丁目,核家族以外の世帯,12,42
寿町２丁目,非親族を含む世帯,7,15
寿町２丁目,単独世帯,411,411
寿町３丁目,夫婦のみの世帯,58,116
寿町３丁目,夫婦と子供から成る世帯,82,290
寿町３丁目,その他の核家族世帯,31,71
寿町３丁目,核家族以外の世帯,11,35
寿町３丁目,非親族を含む世帯,4,8
寿町３丁目,単独世帯,249,249
昭南町１丁目,夫婦のみの世帯,27,54
昭南町１丁目,夫婦と子供から成る世帯,37,132
昭南町１丁目,その他の核家族世帯,16,38
昭南町１丁目,核家族以外の世帯,5,25
昭南町１丁目,非親族を含む世帯,2,4
昭南町１丁目,単独世帯,173,173
昭南町２丁目,夫婦のみの世帯,12,24
昭南町２丁目,夫婦と子供から成る世帯,15,53
昭南町２丁目,その他の核家族世帯,6,13
昭南町２丁目,核家族以外の世帯,3,7
昭南町２丁目,非親族を含む世帯,1,2
昭南町２丁目,単独世帯,95,95
昭南町３丁目,夫婦のみの世帯,25,50
昭南町３丁目,夫婦と子供から成る世帯,15,55
昭南町３丁目,その他の核家族世帯,12,25
昭南町３丁目,核家族以外の世帯,11,42
昭南町３丁目,非親族を含む世帯,2,4
昭南町３丁目,単独世帯,108,108
新和町１丁目,夫婦のみの世帯,39,78
新和町１丁目,夫婦と子供から成る世帯,59,220
新和町１丁目,その他の核家族世帯,40,98
新和町１丁目,核家族以外の世帯,18,59
新和町１丁目,非親族を含む世帯,0,0
新和町１丁目,単独世帯,103,103
新和町２丁目,夫婦のみの世帯,44,88
新和町２丁目,夫婦と子供から成る世帯,88,322
新和町２丁目,その他の核家族世帯,25,57
新和町２丁目,核家族以外の世帯,17,75
新和町２丁目,非親族を含む世帯,3,6
新和町２丁目,単独世帯,184,184
西春町１丁目,夫婦のみの世帯,35,70
西春町１丁目,夫婦と子供から成る世帯,57,217
西春町１丁目,その他の核家族世帯,37,85
西春町１丁目,核家族以外の世帯,19,66
西春町１丁目,非親族を含む世帯,0,0
西春町１丁目,単独世帯,193,193
西春町２丁目,夫婦のみの世帯,10,20
西春町２丁目,夫婦と子供から成る世帯,9,31
西春町２丁目,その他の核家族世帯,3,7
西春町２丁目,核家族以外の世帯,4,16
西春町２丁目,非親族を含む世帯,1,2
西春町２丁目,単独世帯,80,80
西春町３丁目,夫婦のみの世帯,37,74
西春町３丁目,夫婦と子供から成る世帯,50,170
西春町３丁目,その他の核家族世帯,17,35
西春町３丁目,核家族以外の世帯,9,33
西春町３丁目,非親族を含む世帯,1,2
西春町３丁目,単独世帯,124,124
西春町４丁目,夫婦のみの世帯,15,30
西春町４丁目,夫婦と子供から成る世帯,29,103
西春町４丁目,その他の核家族世帯,18,40
西春町４丁目,核家族以外の世帯,6,20
西春町４丁目,非親族を含む世帯,3,9
西春町４丁目,単独世帯,39,39
春町１丁目,夫婦のみの世帯,19,38
春町１丁目,夫婦と子供から成る世帯,22,75
春町１丁目,その他の核家族世帯,18,42
春町１丁目,核家族以外の世帯,6,21
春町１丁目,非親族を含む世帯,2,7
春町１丁目,単独世帯,194,194
春町２丁目,夫婦のみの世帯,49,98
春町２丁目,夫婦と子供から成る世帯,68,249
春町２丁目,その他の核家族世帯,32,76
春町２丁目,核家族以外の世帯,9,34
春町２丁目,非親族を含む世帯,5,10
春町２丁目,単独世帯,174,174
春町３丁目,夫婦のみの世帯,39,78
春町３丁目,夫婦と子供から成る世帯,36,124
春町３丁目,その他の核家族世帯,15,36
春町３丁目,核家族以外の世帯,7,26
春町３丁目,非親族を含む世帯,4,8
春町３丁目,単独世帯,134,134
東雲町１丁目,夫婦のみの世帯,8,16
東雲町１丁目,夫婦と子供から成る世帯,3,12
東雲町１丁目,その他の核家族世帯,2,4
東雲町１丁目,核家族以外の世帯,1,3
東雲町１丁目,非親族を含む世帯,1,2
東雲町１丁目,単独世帯,101,101
東雲町２丁目,夫婦のみの世帯,33,66
東雲町２丁目,夫婦と子供から成る世帯,65,226
東雲町２丁目,その他の核家族世帯,26,63
東雲町２丁目,核家族以外の世帯,6,21
東雲町２丁目,非親族を含む世帯,4,8
東雲町２丁目,単独世帯,132,132
東雲町３丁目,夫婦のみの世帯,26,52
東雲町３丁目,夫婦と子供から成る世帯,39,136
東雲町３丁目,その他の核家族世帯,10,25
東雲町３丁目,核家族以外の世帯,10,33
東雲町３丁目,非親族を含む世帯,0,0
東雲町３丁目,単独世帯,81,81
東雲町４丁目,夫婦のみの世帯,13,26
東雲町４丁目,夫婦と子供から成る世帯,17,59
東雲町４丁目,その他の核家族世帯,6,16
東雲町４丁目,核家族以外の世帯,5,17
東雲町４丁目,非親族を含む世帯,0,0
東雲町４丁目,単独世帯,99,99
光丘町１丁目,夫婦のみの世帯,43,86
光丘町１丁目,夫婦と子供から成る世帯,72,265
光丘町１丁目,その他の核家族世帯,40,96
光丘町１丁目,核家族以外の世帯,10,35
光丘町１丁目,非親族を含む世帯,0,0
光丘町１丁目,単独世帯,190,190
光丘町２丁目,夫婦のみの世帯,17,34
光丘町２丁目,夫婦と子供から成る世帯,46,175
光丘町２丁目,その他の核家族世帯,8,18
光丘町２丁目,核家族以外の世帯,6,25
光丘町２丁目,非親族を含む世帯,0,0
光丘町２丁目,単独世帯,82,82
光丘町３丁目,夫婦のみの世帯,19,38
光丘町３丁目,夫婦と子供から成る世帯,36,129
光丘町３丁目,その他の核家族世帯,11,26
光丘町３丁目,核家族以外の世帯,5,20
光丘町３丁目,非親族を含む世帯,2,4
光丘町３丁目,単独世帯,64,64
南本町１丁目,夫婦のみの世帯,19,38
南本町１丁目,夫婦と子供から成る世帯,11,41
南本町１丁目,その他の核家族世帯,8,18
南本町１丁目,核家族以外の世帯,6,25
南本町１丁目,非親族を含む世帯,2,4
南本町１丁目,単独世帯,91,91
南本町２丁目,夫婦のみの世帯,33,66
南本町２丁目,夫婦と子供から成る世帯,28,102
南本町２丁目,その他の核家族世帯,23,48
南本町２丁目,核家族以外の世帯,11,43
南本町２丁目,非親族を含む世帯,3,7
南本町２丁目,単独世帯,119,119
南八幡町１丁目,夫婦のみの世帯,39,78
南八幡町１丁目,夫婦と子供から成る世帯,77,284
南八幡町１丁目,その他の核家族世帯,22,57
南八幡町１丁目,核家族以外の世帯,11,38
南八幡町１丁目,非親族を含む世帯,3,9
南八幡町１丁目,単独世帯,220,220
南八幡町２丁目,夫婦のみの世帯,57,114
南八幡町２丁目,夫婦と子供から成る世帯,171,628
南八幡町２丁目,その他の核家族世帯,41,96
南八幡町２丁目,核家族以外の世帯,16,65
南八幡町２丁目,非親族を含む世帯,5,11
南八幡町２丁目,単独世帯,228,228
竹丘町１丁目,夫婦のみの世帯,30,60
竹丘町１丁目,夫婦と子供から成る世帯,31,112
竹丘町１丁目,その他の核家族世帯,11,27
竹丘町１丁目,核家族以外の世帯,11,38
竹丘町１丁目,非親族を含む世帯,2,4
竹丘町１丁目,単独世帯,97,97
竹丘町２丁目,夫婦のみの世帯,25,50
竹丘町２丁目,夫婦と子供から成る世帯,42,158
竹丘町２丁目,その他の核家族世帯,22,50
竹丘町２丁目,核家族以外の世帯,8,27
竹丘町２丁目,非親族を含む世帯,2,5
竹丘町２丁目,単独世帯,216,216
竹丘町３丁目,夫婦のみの世帯,21,42
竹丘町３丁目,夫婦と子供から成る世帯,5,17
竹丘町３丁目,その他の核家族世帯,8,16
竹丘町３丁目,核家族以外の世帯,4,10
竹丘町３丁目,非親族を含む世帯,1,2
竹丘町３丁目,単独世帯,75,75
元町１丁目,夫婦のみの世帯,28,56
元町１丁目,夫婦と子供から成る世帯,30,107
元町１丁目,その他の核家族世帯,14,30
元町１丁目,核家族以外の世帯,8,25
元町１丁目,非親族を含む世帯,1,2
元町１丁目,単独世帯,132,132
元町２丁目,夫婦のみの世帯,152,304
元町２丁目,夫婦と子供から成る世帯,208,750
元町２丁目,その他の核家族世帯,59,138
元町２丁目,核家族以外の世帯,31,106
元町２丁目,非親族を含む世帯,3,9
元町２丁目,単独世帯,368,368
元町３丁目,夫婦のみの世帯,6,12
元町３丁目,夫婦と子供から成る世帯,76,284
元町３丁目,その他の核家族世帯,3,7
元町３丁目,核家族以外の世帯,0,0
元町３丁目,非親族を含む世帯,0,0
元町３丁目,単独世帯,4,4
青木１丁目,夫婦のみの世帯,127,254
青木１丁目,夫婦と子供から成る世帯,234,861
青木１丁目,その他の核家族世帯,53,133
青木１丁目,核家族以外の世帯,33,130
青木１丁目,非親族を含む世帯,3,12
青木１丁目,単独世帯,230,230
青木２丁目,夫婦のみの世帯,2,4
青木２丁目,夫婦と子供から成る世帯,2,7
青木２丁目,その他の核家族世帯,1,4
青木２丁目,核家族以外の世帯,1,6
青木２丁目,非親族を含む世帯,0,0
青木２丁目,単独世帯,0,0
空港前１丁目,夫婦のみの世帯,1,2
空港前１丁目,夫婦と子供から成る世帯,1,4
空港前１丁目,その他の核家族世帯,0,0
空港前１丁目,核家族以外の世帯,1,7
空港前１丁目,非親族を含む世帯,0,0
空港前１丁目,単独世帯,15,15
空港前２丁目,夫婦のみの世帯,49,98
空港前２丁目,夫婦と子供から成る世帯,84,297
空港前２丁目,その他の核家族世帯,24,56
空港前２丁目,核家族以外の世帯,30,120
空港前２丁目,非親族を含む世帯,4,8
空港前２丁目,単独世帯,271,271
空港前３丁目,夫婦のみの世帯,46,92
空港前３丁目,夫婦と子供から成る世帯,74,261
空港前３丁目,その他の核家族世帯,29,73
空港前３丁目,核家族以外の世帯,37,163
空港前３丁目,非親族を含む世帯,8,17
空港前３丁目,単独世帯,384,384
空港前４丁目,夫婦のみの世帯,7,14
空港前４丁目,夫婦と子供から成る世帯,19,63
空港前４丁目,その他の核家族世帯,2,6
空港前４丁目,核家族以外の世帯,16,75
空港前４丁目,非親族を含む世帯,1,5
空港前４丁目,単独世帯,49,49
空港前５丁目,夫婦のみの世帯,29,58
空港前５丁目,夫婦と子供から成る世帯,44,168
空港前５丁目,その他の核家族世帯,13,31
空港前５丁目,核家族以外の世帯,16,69
空港前５丁目,非親族を含む世帯,1,2
空港前５丁目,単独世帯,34,34
東平尾１丁目,夫婦のみの世帯,68,136
東平尾１丁目,夫婦と子供から成る世帯,113,408
東平尾１丁目,その他の核家族世帯,20,47
東平尾１丁目,核家族以外の世帯,11,46
東平尾１丁目,非親族を含む世帯,5,11
東平尾１丁目,単独世帯,160,160
東平尾２丁目,夫婦のみの世帯,75,150
東平尾２丁目,夫婦と子供から成る世帯,106,381
東平尾２丁目,その他の核家族世帯,21,49
東平尾２丁目,核家族以外の世帯,21,84
東平尾２丁目,非親族を含む世帯,8,21
東平尾２丁目,単独世帯,104,104
東平尾３丁目,夫婦のみの世帯,0,0
東平尾３丁目,夫婦と子供から成る世帯,0,0
東平尾３丁目,その他の核家族世帯,0,0
東平尾３丁目,核家族以外の世帯,0,0
東平尾３丁目,非親族を含む世帯,0,0
東平尾３丁目,単独世帯,0,0
東平尾公園１丁目,夫婦のみの世帯,0,0
東平尾公園１丁目,夫婦と子供から成る世帯,0,0
東平尾公園１丁目,その他の核家族世帯,0,0
東平尾公園１丁目,核家族以外の世帯,0,0
東平尾公園１丁目,非親族を含む世帯,0,0
東平尾公園１丁目,単独世帯,0,0
東平尾公園２丁目,夫婦のみの世帯,0,0
東平尾公園２丁目,夫婦と子供から成る世帯,0,0
東平尾公園２丁目,その他の核家族世帯,0,0
東平尾公園２丁目,核家族以外の世帯,0,0
東平尾公園２丁目,非親族を含む世帯,0,0
東平尾公園２丁目,単独世帯,0,0
月隈１丁目,夫婦のみの世帯,18,36
月隈１丁目,夫婦と子供から成る世帯,34,128
月隈１丁目,その他の核家族世帯,7,18
月隈１丁目,核家族以外の世帯,8,35
月隈１丁目,非親族を含む世帯,1,3
月隈１丁目,単独世帯,18,18
月隈２丁目,夫婦のみの世帯,41,82
月隈２丁目,夫婦と子供から成る世帯,107,400
月隈２丁目,その他の核家族世帯,28,70
月隈２丁目,核家族以外の世帯,21,93
月隈２丁目,非親族を含む世帯,2,4
月隈２丁目,単独世帯,55,55
月隈３丁目,夫婦のみの世帯,18,36
月隈３丁目,夫婦と子供から成る世帯,40,153
月隈３丁目,その他の核家族世帯,15,36
月隈３丁目,核家族以外の世帯,6,29
月隈３丁目,非親族を含む世帯,0,-
月隈３丁目,単独世帯,41,41
月隈４丁目,夫婦のみの世帯,0,0
月隈４丁目,夫婦と子供から成る世帯,0,0
月隈４丁目,その他の核家族世帯,0,0
月隈４丁目,核家族以外の世帯,0,0
月隈４丁目,非親族を含む世帯,0,0
月隈４丁目,単独世帯,0,0
月隈５丁目,夫婦のみの世帯,0,0
月隈５丁目,夫婦と子供から成る世帯,0,0
月隈５丁目,その他の核家族世帯,0,0
月隈５丁目,核家族以外の世帯,0,0
月隈５丁目,非親族を含む世帯,0,0
月隈５丁目,単独世帯,0,0
月隈６丁目,夫婦のみの世帯,34,68
月隈６丁目,夫婦と子供から成る世帯,62,221
月隈６丁目,その他の核家族世帯,17,48
月隈６丁目,核家族以外の世帯,13,62
月隈６丁目,非親族を含む世帯,4,9
月隈６丁目,単独世帯,114,114
立花寺,夫婦のみの世帯,36,72
立花寺,夫婦と子供から成る世帯,47,168
立花寺,その他の核家族世帯,9,27
立花寺,核家族以外の世帯,16,71
立花寺,非親族を含む世帯,2,4
立花寺,単独世帯,96,96
金の隈１丁目,夫婦のみの世帯,132,264
金の隈１丁目,夫婦と子供から成る世帯,192,733
金の隈１丁目,その他の核家族世帯,49,119
金の隈１丁目,核家族以外の世帯,41,176
金の隈１丁目,非親族を含む世帯,6,12
金の隈１丁目,単独世帯,235,235
金の隈２丁目,夫婦のみの世帯,52,104
金の隈２丁目,夫婦と子供から成る世帯,96,353
金の隈２丁目,その他の核家族世帯,30,75
金の隈２丁目,核家族以外の世帯,16,74
金の隈２丁目,非親族を含む世帯,3,8
金の隈２丁目,単独世帯,110,110
金の隈３丁目,夫婦のみの世帯,91,182
金の隈３丁目,夫婦と子供から成る世帯,136,495
金の隈３丁目,その他の核家族世帯,29,66
金の隈３丁目,核家族以外の世帯,28,118
金の隈３丁目,非親族を含む世帯,4,10
金の隈３丁目,単独世帯,328,328
博多港,夫婦のみの世帯,0,0
博多港,夫婦と子供から成る世帯,0,0
博多港,その他の核家族世帯,0,0
博多港,核家族以外の世帯,0,0
博多港,非親族を含む世帯,0,0
博多港,単独世帯,0,0
