Town,FamilyType,TotalHouseholds,TotalPopulation,NonResSumHouseholds,NonResSumPopulation
博多駅前３丁目,夫婦のみの世帯,54,108,13,13
博多駅前３丁目,夫婦と子供から成る世帯,18,66,13,13
博多駅前３丁目,その他の核家族世帯,27,58,13,13
博多駅前３丁目,核家族以外の世帯,14,46,13,13
博多駅前３丁目,非親族を含む世帯,8,17,13,13
博多駅前３丁目,単独世帯,1425,1425,13,13
博多駅中央街,夫婦のみの世帯,5,10,0,0
博多駅中央街,夫婦と子供から成る世帯,1,3,0,0
博多駅中央街,その他の核家族世帯,4,8,0,0
博多駅中央街,核家族以外の世帯,0,0,0,0
博多駅中央街,非親族を含む世帯,1,2,0,0
博多駅中央街,単独世帯,58,58,0,0
博多駅東２丁目,夫婦のみの世帯,20,40,1,1
博多駅東２丁目,夫婦と子供から成る世帯,21,67,1,1
博多駅東２丁目,その他の核家族世帯,15,34,1,1
博多駅東２丁目,核家族以外の世帯,3,8,1,1
博多駅東２丁目,非親族を含む世帯,6,12,1,1
博多駅東２丁目,単独世帯,334,334,1,1
博多駅南４丁目,夫婦のみの世帯,107,214,93,93
博多駅南４丁目,夫婦と子供から成る世帯,121,423,93,93
博多駅南４丁目,その他の核家族世帯,64,144,93,93
博多駅南４丁目,核家族以外の世帯,27,91,93,93
博多駅南４丁目,非親族を含む世帯,17,34,93,93
博多駅南４丁目,単独世帯,723,723,93,93
博多駅南６丁目,夫婦のみの世帯,107,214,15,15
博多駅南６丁目,夫婦と子供から成る世帯,159,565,15,15
博多駅南６丁目,その他の核家族世帯,35,84,15,15
博多駅南６丁目,核家族以外の世帯,19,73,15,15
博多駅南６丁目,非親族を含む世帯,12,24,15,15
博多駅南６丁目,単独世帯,426,426,15,15
比恵町,夫婦のみの世帯,228,456,8,8
比恵町,夫婦と子供から成る世帯,178,609,8,8
比恵町,その他の核家族世帯,81,182,8,8
比恵町,核家族以外の世帯,56,144,8,8
比恵町,非親族を含む世帯,40,82,8,8
比恵町,単独世帯,1986,1986,8,8
美野島３丁目,夫婦のみの世帯,187,374,166,166
美野島３丁目,夫婦と子供から成る世帯,247,893,166,166
美野島３丁目,その他の核家族世帯,103,246,166,166
美野島３丁目,核家族以外の世帯,51,168,166,166
美野島３丁目,非親族を含む世帯,42,92,166,166
美野島３丁目,単独世帯,1492,1492,166,166
美野島４丁目,夫婦のみの世帯,208,416,0,0
美野島４丁目,夫婦と子供から成る世帯,325,1197,0,0
美野島４丁目,その他の核家族世帯,69,169,0,0
美野島４丁目,核家族以外の世帯,28,112,0,0
美野島４丁目,非親族を含む世帯,9,21,0,0
美野島４丁目,単独世帯,218,218,0,0
住吉１丁目,夫婦のみの世帯,0,0,0,0
住吉１丁目,夫婦と子供から成る世帯,1,3,0,0
住吉１丁目,その他の核家族世帯,3,9,0,0
住吉１丁目,核家族以外の世帯,3,11,0,0
住吉１丁目,非親族を含む世帯,0,0,0,0
住吉１丁目,単独世帯,25,25,0,0
住吉２丁目,夫婦のみの世帯,87,174,4,4
住吉２丁目,夫婦と子供から成る世帯,61,197,4,4
住吉２丁目,その他の核家族世帯,51,116,4,4
住吉２丁目,核家族以外の世帯,31,103,4,4
住吉２丁目,非親族を含む世帯,31,64,4,4
住吉２丁目,単独世帯,1481,1481,4,4
住吉３丁目,夫婦のみの世帯,78,156,7,7
住吉３丁目,夫婦と子供から成る世帯,43,149,7,7
住吉３丁目,その他の核家族世帯,38,83,7,7
住吉３丁目,核家族以外の世帯,31,82,7,7
住吉３丁目,非親族を含む世帯,25,50,7,7
住吉３丁目,単独世帯,1241,1241,7,7
住吉４丁目,夫婦のみの世帯,126,252,2,2
住吉４丁目,夫婦と子供から成る世帯,92,315,2,2
住吉４丁目,その他の核家族世帯,69,156,2,2
住吉４丁目,核家族以外の世帯,44,121,2,2
住吉４丁目,非親族を含む世帯,29,59,2,2
住吉４丁目,単独世帯,1427,1427,2,2
住吉５丁目,夫婦のみの世帯,125,250,1,1
住吉５丁目,夫婦と子供から成る世帯,124,439,1,1
住吉５丁目,その他の核家族世帯,86,192,1,1
住吉５丁目,核家族以外の世帯,54,183,1,1
住吉５丁目,非親族を含む世帯,26,53,1,1
住吉５丁目,単独世帯,1289,1289,1,1
上川端町,夫婦のみの世帯,46,92,1,1
上川端町,夫婦と子供から成る世帯,33,114,1,1
上川端町,その他の核家族世帯,26,58,1,1
上川端町,核家族以外の世帯,16,62,1,1
上川端町,非親族を含む世帯,4,9,1,1
上川端町,単独世帯,261,261,1,1
下川端町,夫婦のみの世帯,15,30,0,0
下川端町,夫婦と子供から成る世帯,16,54,0,0
下川端町,その他の核家族世帯,9,20,0,0
下川端町,核家族以外の世帯,3,6,0,0
下川端町,非親族を含む世帯,5,10,0,0
下川端町,単独世帯,119,119,0,0
店屋町,夫婦のみの世帯,41,82,5,5
店屋町,夫婦と子供から成る世帯,35,119,5,5
店屋町,その他の核家族世帯,18,42,5,5
店屋町,核家族以外の世帯,9,25,5,5
店屋町,非親族を含む世帯,7,14,5,5
店屋町,単独世帯,389,389,5,5
冷泉町,夫婦のみの世帯,76,152,4,4
冷泉町,夫婦と子供から成る世帯,60,216,4,4
冷泉町,その他の核家族世帯,39,91,4,4
冷泉町,核家族以外の世帯,26,83,4,4
冷泉町,非親族を含む世帯,13,27,4,4
冷泉町,単独世帯,921,921,4,4
祇園町,夫婦のみの世帯,52,104,0,0
祇園町,夫婦と子供から成る世帯,44,149,0,0
祇園町,その他の核家族世帯,50,115,0,0
祇園町,核家族以外の世帯,17,55,0,0
祇園町,非親族を含む世帯,26,59,0,0
祇園町,単独世帯,672,672,0,0
中洲１丁目,夫婦のみの世帯,0,0,1,1
中洲１丁目,夫婦と子供から成る世帯,0,0,1,1
中洲１丁目,その他の核家族世帯,1,3,1,1
中洲１丁目,核家族以外の世帯,0,0,1,1
中洲１丁目,非親族を含む世帯,0,0,1,1
中洲１丁目,単独世帯,3,3,1,1
中洲２丁目,夫婦のみの世帯,1,2,0,0
中洲２丁目,夫婦と子供から成る世帯,2,9,0,0
中洲２丁目,その他の核家族世帯,1,2,0,0
中洲２丁目,核家族以外の世帯,1,4,0,0
中洲２丁目,非親族を含む世帯,0,0,0,0
中洲２丁目,単独世帯,60,60,0,0
中洲３丁目,夫婦のみの世帯,2,4,0,0
中洲３丁目,夫婦と子供から成る世帯,1,3,0,0
中洲３丁目,その他の核家族世帯,2,4,0,0
中洲３丁目,核家族以外の世帯,1,2,0,0
中洲３丁目,非親族を含む世帯,0,0,0,0
中洲３丁目,単独世帯,3,3,0,0
中洲４丁目,夫婦のみの世帯,1,2,1,1
中洲４丁目,夫婦と子供から成る世帯,3,11,1,1
中洲４丁目,その他の核家族世帯,2,5,1,1
中洲４丁目,核家族以外の世帯,1,4,1,1
中洲４丁目,非親族を含む世帯,0,0,1,1
中洲４丁目,単独世帯,4,4,1,1
中洲中島町,夫婦のみの世帯,28,56,0,0
中洲中島町,夫婦と子供から成る世帯,12,40,0,0
中洲中島町,その他の核家族世帯,9,24,0,0
中洲中島町,核家族以外の世帯,6,13,0,0
中洲中島町,非親族を含む世帯,6,14,0,0
中洲中島町,単独世帯,269,269,0,0
対馬小路,夫婦のみの世帯,76,152,5,5
対馬小路,夫婦と子供から成る世帯,113,417,5,5
対馬小路,その他の核家族世帯,40,99,5,5
対馬小路,核家族以外の世帯,34,111,5,5
対馬小路,非親族を含む世帯,11,22,5,5
対馬小路,単独世帯,647,647,5,5
築港本町,夫婦のみの世帯,85,170,1,1
築港本町,夫婦と子供から成る世帯,70,242,1,1
築港本町,その他の核家族世帯,43,104,1,1
築港本町,核家族以外の世帯,19,68,1,1
築港本町,非親族を含む世帯,35,71,1,1
築港本町,単独世帯,1146,1146,1,1
奈良屋町,夫婦のみの世帯,86,172,15,15
奈良屋町,夫婦と子供から成る世帯,109,396,15,15
奈良屋町,その他の核家族世帯,52,129,15,15
奈良屋町,核家族以外の世帯,42,164,15,15
奈良屋町,非親族を含む世帯,7,15,15,15
奈良屋町,単独世帯,554,554,15,15
綱場町,夫婦のみの世帯,20,40,2,2
綱場町,夫婦と子供から成る世帯,13,45,2,2
綱場町,その他の核家族世帯,13,27,2,2
綱場町,核家族以外の世帯,11,30,2,2
綱場町,非親族を含む世帯,7,14,2,2
綱場町,単独世帯,410,410,2,2
上呉服町,夫婦のみの世帯,58,116,1,1
上呉服町,夫婦と子供から成る世帯,86,309,1,1
上呉服町,その他の核家族世帯,37,82,1,1
上呉服町,核家族以外の世帯,34,142,1,1
上呉服町,非親族を含む世帯,6,16,1,1
上呉服町,単独世帯,514,514,1,1
下呉服町,夫婦のみの世帯,70,140,0,0
下呉服町,夫婦と子供から成る世帯,90,329,0,0
下呉服町,その他の核家族世帯,55,128,0,0
下呉服町,核家族以外の世帯,33,112,0,0
下呉服町,非親族を含む世帯,4,10,0,0
下呉服町,単独世帯,981,981,0,0
千代４丁目,夫婦のみの世帯,57,114,126,126
千代４丁目,夫婦と子供から成る世帯,36,117,126,126
千代４丁目,その他の核家族世帯,49,116,126,126
千代４丁目,核家族以外の世帯,32,98,126,126
千代４丁目,非親族を含む世帯,18,36,126,126
千代４丁目,単独世帯,1486,1486,126,126
千代５丁目,夫婦のみの世帯,113,226,58,58
千代５丁目,夫婦と子供から成る世帯,106,390,58,58
千代５丁目,その他の核家族世帯,87,209,58,58
千代５丁目,核家族以外の世帯,34,101,58,58
千代５丁目,非親族を含む世帯,10,22,58,58
千代５丁目,単独世帯,703,703,58,58
千代６丁目,夫婦のみの世帯,26,52,0,0
千代６丁目,夫婦と子供から成る世帯,16,61,0,0
千代６丁目,その他の核家族世帯,25,59,0,0
千代６丁目,核家族以外の世帯,6,18,0,0
千代６丁目,非親族を含む世帯,4,10,0,0
千代６丁目,単独世帯,490,490,0,0
東公園,夫婦のみの世帯,13,26,0,0
東公園,夫婦と子供から成る世帯,11,42,0,0
東公園,その他の核家族世帯,5,10,0,0
東公園,核家族以外の世帯,6,20,0,0
東公園,非親族を含む世帯,2,6,0,0
東公園,単独世帯,196,196,0,0
吉塚２丁目,夫婦のみの世帯,142,284,0,0
吉塚２丁目,夫婦と子供から成る世帯,200,745,0,0
吉塚２丁目,その他の核家族世帯,79,185,0,0
吉塚２丁目,核家族以外の世帯,52,169,0,0
吉塚２丁目,非親族を含む世帯,15,35,0,0
吉塚２丁目,単独世帯,723,723,0,0
吉塚４丁目,夫婦のみの世帯,207,414,9,9
吉塚４丁目,夫婦と子供から成る世帯,353,1258,9,9
吉塚４丁目,その他の核家族世帯,122,297,9,9
吉塚４丁目,核家族以外の世帯,58,211,9,9
吉塚４丁目,非親族を含む世帯,29,63,9,9
吉塚４丁目,単独世帯,649,649,9,9
吉塚５丁目,夫婦のみの世帯,122,244,55,55
吉塚５丁目,夫婦と子供から成る世帯,209,777,55,55
吉塚５丁目,その他の核家族世帯,72,181,55,55
吉塚５丁目,核家族以外の世帯,47,165,55,55
吉塚５丁目,非親族を含む世帯,10,25,55,55
吉塚５丁目,単独世帯,496,496,55,55
吉塚７丁目,夫婦のみの世帯,154,308,8,8
吉塚７丁目,夫婦と子供から成る世帯,199,704,8,8
吉塚７丁目,その他の核家族世帯,73,173,8,8
吉塚７丁目,核家族以外の世帯,43,140,8,8
吉塚７丁目,非親族を含む世帯,11,22,8,8
吉塚７丁目,単独世帯,616,616,8,8
吉塚８丁目,夫婦のみの世帯,30,60,0,0
吉塚８丁目,夫婦と子供から成る世帯,47,170,0,0
吉塚８丁目,その他の核家族世帯,22,56,0,0
吉塚８丁目,核家族以外の世帯,11,34,0,0
吉塚８丁目,非親族を含む世帯,11,22,0,0
吉塚８丁目,単独世帯,159,159,0,0
豊１丁目,夫婦のみの世帯,73,146,2,2
豊１丁目,夫婦と子供から成る世帯,71,247,2,2
豊１丁目,その他の核家族世帯,24,59,2,2
豊１丁目,核家族以外の世帯,21,59,2,2
豊１丁目,非親族を含む世帯,16,32,2,2
豊１丁目,単独世帯,522,522,2,2
榎田１丁目,夫婦のみの世帯,51,102,0,0
榎田１丁目,夫婦と子供から成る世帯,76,280,0,0
榎田１丁目,その他の核家族世帯,7,15,0,0
榎田１丁目,核家族以外の世帯,19,44,0,0
榎田１丁目,非親族を含む世帯,10,20,0,0
榎田１丁目,単独世帯,407,407,0,0
榎田２丁目,夫婦のみの世帯,4,8,0,0
榎田２丁目,夫婦と子供から成る世帯,3,11,0,0
榎田２丁目,その他の核家族世帯,0,0,0,0
榎田２丁目,核家族以外の世帯,0,0,0,0
榎田２丁目,非親族を含む世帯,0,0,0,0
榎田２丁目,単独世帯,23,23,0,0
堅粕１丁目,夫婦のみの世帯,81,162,0,0
堅粕１丁目,夫婦と子供から成る世帯,79,285,0,0
堅粕１丁目,その他の核家族世帯,63,153,0,0
堅粕１丁目,核家族以外の世帯,17,55,0,0
堅粕１丁目,非親族を含む世帯,1,2,0,0
堅粕１丁目,単独世帯,403,403,0,0
堅粕３丁目,夫婦のみの世帯,77,154,0,0
堅粕３丁目,夫婦と子供から成る世帯,75,260,0,0
堅粕３丁目,その他の核家族世帯,54,126,0,0
堅粕３丁目,核家族以外の世帯,42,117,0,0
堅粕３丁目,非親族を含む世帯,14,30,0,0
堅粕３丁目,単独世帯,655,655,0,0
堅粕５丁目,夫婦のみの世帯,24,48,5,5
堅粕５丁目,夫婦と子供から成る世帯,15,52,5,5
堅粕５丁目,その他の核家族世帯,7,14,5,5
堅粕５丁目,核家族以外の世帯,8,23,5,5
堅粕５丁目,非親族を含む世帯,9,18,5,5
堅粕５丁目,単独世帯,377,377,5,5
東光１丁目,夫婦のみの世帯,11,22,1,1
東光１丁目,夫婦と子供から成る世帯,0,0,1,1
東光１丁目,その他の核家族世帯,2,4,1,1
東光１丁目,核家族以外の世帯,1,2,1,1
東光１丁目,非親族を含む世帯,4,8,1,1
東光１丁目,単独世帯,152,152,1,1
東比恵１丁目,夫婦のみの世帯,11,22,1,1
東比恵１丁目,夫婦と子供から成る世帯,5,16,1,1
東比恵１丁目,その他の核家族世帯,7,16,1,1
東比恵１丁目,核家族以外の世帯,2,8,1,1
東比恵１丁目,非親族を含む世帯,1,2,1,1
東比恵１丁目,単独世帯,124,124,1,1
東比恵３丁目,夫婦のみの世帯,142,284,98,98
東比恵３丁目,夫婦と子供から成る世帯,155,534,98,98
東比恵３丁目,その他の核家族世帯,49,114,98,98
東比恵３丁目,核家族以外の世帯,19,70,98,98
東比恵３丁目,非親族を含む世帯,17,37,98,98
東比恵３丁目,単独世帯,820,820,98,98
上牟田１丁目,夫婦のみの世帯,56,112,0,0
上牟田１丁目,夫婦と子供から成る世帯,96,336,0,0
上牟田１丁目,その他の核家族世帯,25,65,0,0
上牟田１丁目,核家族以外の世帯,17,72,0,0
上牟田１丁目,非親族を含む世帯,9,18,0,0
上牟田１丁目,単独世帯,364,364,0,0
上牟田２丁目,夫婦のみの世帯,10,20,1,1
上牟田２丁目,夫婦と子供から成る世帯,13,46,1,1
上牟田２丁目,その他の核家族世帯,3,6,1,1
上牟田２丁目,核家族以外の世帯,8,29,1,1
上牟田２丁目,非親族を含む世帯,1,2,1,1
上牟田２丁目,単独世帯,34,34,1,1
上牟田３丁目,夫婦のみの世帯,46,92,0,0
上牟田３丁目,夫婦と子供から成る世帯,54,201,0,0
上牟田３丁目,その他の核家族世帯,43,103,0,0
上牟田３丁目,核家族以外の世帯,24,91,0,0
上牟田３丁目,非親族を含む世帯,3,6,0,0
上牟田３丁目,単独世帯,162,162,0,0
大井１丁目,夫婦のみの世帯,2,4,0,0
大井１丁目,夫婦と子供から成る世帯,1,3,0,0
大井１丁目,その他の核家族世帯,2,4,0,0
大井１丁目,核家族以外の世帯,1,6,0,0
大井１丁目,非親族を含む世帯,1,2,0,0
大井１丁目,単独世帯,4,4,0,0
大井２丁目,夫婦のみの世帯,21,42,11,11
大井２丁目,夫婦と子供から成る世帯,31,114,11,11
大井２丁目,その他の核家族世帯,15,39,11,11
大井２丁目,核家族以外の世帯,4,16,11,11
大井２丁目,非親族を含む世帯,5,10,11,11
大井２丁目,単独世帯,85,85,11,11
大字下臼井,夫婦のみの世帯,0,0,0,0
大字下臼井,夫婦と子供から成る世帯,0,0,0,0
大字下臼井,その他の核家族世帯,0,0,0,0
大字下臼井,核家族以外の世帯,0,0,0,0
大字下臼井,非親族を含む世帯,0,0,0,0
大字下臼井,単独世帯,0,0,0,0
大字下月隈,夫婦のみの世帯,0,0,0,0
大字下月隈,夫婦と子供から成る世帯,0,0,0,0
大字下月隈,その他の核家族世帯,0,0,0,0
大字下月隈,核家族以外の世帯,0,0,0,0
大字下月隈,非親族を含む世帯,0,0,0,0
大字下月隈,単独世帯,0,0,0,0
大字立花寺,夫婦のみの世帯,9,18,0,0
大字立花寺,夫婦と子供から成る世帯,29,114,0,0
大字立花寺,その他の核家族世帯,8,21,0,0
大字立花寺,核家族以外の世帯,9,43,0,0
大字立花寺,非親族を含む世帯,0,0,0,0
大字立花寺,単独世帯,6,6,0,0
大字金隈,夫婦のみの世帯,0,0,0,0
大字金隈,夫婦と子供から成る世帯,0,0,0,0
大字金隈,その他の核家族世帯,0,0,0,0
大字金隈,核家族以外の世帯,0,0,0,0
大字金隈,非親族を含む世帯,0,0,0,0
大字金隈,単独世帯,0,0,0,0
西月隈４丁目,夫婦のみの世帯,0,0,13,13
西月隈４丁目,夫婦と子供から成る世帯,0,0,13,13
西月隈４丁目,その他の核家族世帯,0,0,13,13
西月隈４丁目,核家族以外の世帯,0,0,13,13
西月隈４丁目,非親族を含む世帯,0,0,13,13
西月隈４丁目,単独世帯,13,13,13,13
西月隈５丁目,夫婦のみの世帯,31,62,0,0
西月隈５丁目,夫婦と子供から成る世帯,59,219,0,0
西月隈５丁目,その他の核家族世帯,30,68,0,0
西月隈５丁目,核家族以外の世帯,22,92,0,0
西月隈５丁目,非親族を含む世帯,3,6,0,0
西月隈５丁目,単独世帯,108,108,0,0
西月隈６丁目,夫婦のみの世帯,0,0,9,9
西月隈６丁目,夫婦と子供から成る世帯,4,18,9,9
西月隈６丁目,その他の核家族世帯,1,3,9,9
西月隈６丁目,核家族以外の世帯,1,2,9,9
西月隈６丁目,非親族を含む世帯,2,4,9,9
西月隈６丁目,単独世帯,23,23,9,9
東月隈１丁目,夫婦のみの世帯,76,152,0,0
東月隈１丁目,夫婦と子供から成る世帯,85,309,0,0
東月隈１丁目,その他の核家族世帯,25,62,0,0
東月隈１丁目,核家族以外の世帯,22,87,0,0
東月隈１丁目,非親族を含む世帯,1,2,0,0
東月隈１丁目,単独世帯,38,38,0,0
東月隈２丁目,夫婦のみの世帯,80,160,0,0
東月隈２丁目,夫婦と子供から成る世帯,76,258,0,0
東月隈２丁目,その他の核家族世帯,17,41,0,0
東月隈２丁目,核家族以外の世帯,27,127,0,0
東月隈２丁目,非親族を含む世帯,0,0,0,0
東月隈２丁目,単独世帯,28,28,0,0
東月隈３丁目,夫婦のみの世帯,112,224,1,1
東月隈３丁目,夫婦と子供から成る世帯,119,431,1,1
東月隈３丁目,その他の核家族世帯,38,94,1,1
東月隈３丁目,核家族以外の世帯,35,153,1,1
東月隈３丁目,非親族を含む世帯,1,5,1,1
東月隈３丁目,単独世帯,99,99,1,1
東月隈４丁目,夫婦のみの世帯,155,310,0,0
東月隈４丁目,夫婦と子供から成る世帯,169,654,0,0
東月隈４丁目,その他の核家族世帯,166,397,0,0
東月隈４丁目,核家族以外の世帯,43,146,0,0
東月隈４丁目,非親族を含む世帯,7,18,0,0
東月隈４丁目,単独世帯,262,262,0,0
東月隈５丁目,夫婦のみの世帯,94,188,6,6
東月隈５丁目,夫婦と子供から成る世帯,101,352,6,6
東月隈５丁目,その他の核家族世帯,31,69,6,6
東月隈５丁目,核家族以外の世帯,55,247,6,6
東月隈５丁目,非親族を含む世帯,3,12,6,6
東月隈５丁目,単独世帯,84,84,6,6
浦田２丁目,夫婦のみの世帯,74,148,10,10
浦田２丁目,夫婦と子供から成る世帯,187,685,10,10
浦田２丁目,その他の核家族世帯,23,62,10,10
浦田２丁目,核家族以外の世帯,28,109,10,10
浦田２丁目,非親族を含む世帯,2,7,10,10
浦田２丁目,単独世帯,112,112,10,10
東那珂１丁目,夫婦のみの世帯,109,218,0,0
東那珂１丁目,夫婦と子供から成る世帯,251,936,0,0
東那珂１丁目,その他の核家族世帯,53,130,0,0
東那珂１丁目,核家族以外の世帯,31,125,0,0
東那珂１丁目,非親族を含む世帯,12,24,0,0
東那珂１丁目,単独世帯,327,327,0,0
東那珂２丁目,夫婦のみの世帯,94,188,39,39
東那珂２丁目,夫婦と子供から成る世帯,181,667,39,39
東那珂２丁目,その他の核家族世帯,46,115,39,39
東那珂２丁目,核家族以外の世帯,30,104,39,39
東那珂２丁目,非親族を含む世帯,9,20,39,39
東那珂２丁目,単独世帯,292,292,39,39
東那珂３丁目,夫婦のみの世帯,85,170,23,23
東那珂３丁目,夫婦と子供から成る世帯,190,715,23,23
東那珂３丁目,その他の核家族世帯,60,146,23,23
東那珂３丁目,核家族以外の世帯,43,173,23,23
東那珂３丁目,非親族を含む世帯,8,21,23,23
東那珂３丁目,単独世帯,177,177,23,23
半道橋１丁目,夫婦のみの世帯,127,254,37,37
半道橋１丁目,夫婦と子供から成る世帯,218,789,37,37
半道橋１丁目,その他の核家族世帯,65,155,37,37
半道橋１丁目,核家族以外の世帯,41,149,37,37
半道橋１丁目,非親族を含む世帯,9,21,37,37
半道橋１丁目,単独世帯,288,288,37,37
半道橋２丁目,夫婦のみの世帯,19,38,0,0
半道橋２丁目,夫婦と子供から成る世帯,14,49,0,0
半道橋２丁目,その他の核家族世帯,9,19,0,0
半道橋２丁目,核家族以外の世帯,10,35,0,0
半道橋２丁目,非親族を含む世帯,3,9,0,0
半道橋２丁目,単独世帯,54,54,0,0
竹下１丁目,夫婦のみの世帯,54,108,5,5
竹下１丁目,夫婦と子供から成る世帯,76,274,5,5
竹下１丁目,その他の核家族世帯,19,45,5,5
竹下１丁目,核家族以外の世帯,7,23,5,5
竹下１丁目,非親族を含む世帯,5,11,5,5
竹下１丁目,単独世帯,362,362,5,5
竹下３丁目,夫婦のみの世帯,0,0,0,0
竹下３丁目,夫婦と子供から成る世帯,0,0,0,0
竹下３丁目,その他の核家族世帯,0,0,0,0
竹下３丁目,核家族以外の世帯,0,0,0,0
竹下３丁目,非親族を含む世帯,0,0,0,0
竹下３丁目,単独世帯,0,0,0,0
竹下４丁目,夫婦のみの世帯,71,142,2,2
竹下４丁目,夫婦と子供から成る世帯,59,202,2,2
竹下４丁目,その他の核家族世帯,48,112,2,2
竹下４丁目,核家族以外の世帯,14,48,2,2
竹下４丁目,非親族を含む世帯,10,21,2,2
竹下４丁目,単独世帯,496,496,2,2
竹下５丁目,夫婦のみの世帯,90,180,2,2
竹下５丁目,夫婦と子供から成る世帯,155,556,2,2
竹下５丁目,その他の核家族世帯,33,81,2,2
竹下５丁目,核家族以外の世帯,23,78,2,2
竹下５丁目,非親族を含む世帯,5,11,2,2
竹下５丁目,単独世帯,410,410,2,2
東光寺町１丁目,夫婦のみの世帯,65,130,7,7
東光寺町１丁目,夫婦と子供から成る世帯,71,259,7,7
東光寺町１丁目,その他の核家族世帯,18,45,7,7
東光寺町１丁目,核家族以外の世帯,20,80,7,7
東光寺町１丁目,非親族を含む世帯,14,30,7,7
東光寺町１丁目,単独世帯,188,188,7,7
東光寺町２丁目,夫婦のみの世帯,44,88,1,1
東光寺町２丁目,夫婦と子供から成る世帯,100,368,1,1
東光寺町２丁目,その他の核家族世帯,29,77,1,1
東光寺町２丁目,核家族以外の世帯,6,21,1,1
東光寺町２丁目,非親族を含む世帯,1,2,1,1
東光寺町２丁目,単独世帯,86,86,1,1
那珂４丁目,夫婦のみの世帯,84,168,2,2
那珂４丁目,夫婦と子供から成る世帯,228,852,2,2
那珂４丁目,その他の核家族世帯,62,150,2,2
那珂４丁目,核家族以外の世帯,32,121,2,2
那珂４丁目,非親族を含む世帯,4,10,2,2
那珂４丁目,単独世帯,200,200,2,2
那珂５丁目,夫婦のみの世帯,66,132,17,17
那珂５丁目,夫婦と子供から成る世帯,126,458,17,17
那珂５丁目,その他の核家族世帯,46,114,17,17
那珂５丁目,核家族以外の世帯,21,83,17,17
那珂５丁目,非親族を含む世帯,5,15,17,17
那珂５丁目,単独世帯,223,223,17,17
那珂６丁目,夫婦のみの世帯,58,116,0,0
那珂６丁目,夫婦と子供から成る世帯,124,454,0,0
那珂６丁目,その他の核家族世帯,25,62,0,0
那珂６丁目,核家族以外の世帯,17,78,0,0
那珂６丁目,非親族を含む世帯,0,0,0,0
那珂６丁目,単独世帯,228,228,0,0
板付１丁目,夫婦のみの世帯,33,66,0,0
板付１丁目,夫婦と子供から成る世帯,56,194,0,0
板付１丁目,その他の核家族世帯,11,25,0,0
板付１丁目,核家族以外の世帯,9,32,0,0
板付１丁目,非親族を含む世帯,3,9,0,0
板付１丁目,単独世帯,84,84,0,0
板付２丁目,夫婦のみの世帯,64,128,0,0
板付２丁目,夫婦と子供から成る世帯,129,479,0,0
板付２丁目,その他の核家族世帯,31,77,0,0
板付２丁目,核家族以外の世帯,32,133,0,0
板付２丁目,非親族を含む世帯,4,9,0,0
板付２丁目,単独世帯,112,112,0,0
板付３丁目,夫婦のみの世帯,301,602,1,1
板付３丁目,夫婦と子供から成る世帯,357,1327,1,1
板付３丁目,その他の核家族世帯,285,667,1,1
板付３丁目,核家族以外の世帯,76,285,1,1
板付３丁目,非親族を含む世帯,7,19,1,1
板付３丁目,単独世帯,558,558,1,1
板付４丁目,夫婦のみの世帯,116,232,2,2
板付４丁目,夫婦と子供から成る世帯,164,600,2,2
板付４丁目,その他の核家族世帯,83,196,2,2
板付４丁目,核家族以外の世帯,22,79,2,2
板付４丁目,非親族を含む世帯,6,16,2,2
板付４丁目,単独世帯,317,317,2,2
板付５丁目,夫婦のみの世帯,79,158,0,0
板付５丁目,夫婦と子供から成る世帯,182,660,0,0
板付５丁目,その他の核家族世帯,54,130,0,0
板付５丁目,核家族以外の世帯,29,130,0,0
板付５丁目,非親族を含む世帯,5,16,0,0
板付５丁目,単独世帯,286,286,0,0
板付６丁目,夫婦のみの世帯,47,94,0,0
板付６丁目,夫婦と子供から成る世帯,87,315,0,0
板付６丁目,その他の核家族世帯,21,53,0,0
板付６丁目,核家族以外の世帯,11,45,0,0
板付６丁目,非親族を含む世帯,3,6,0,0
板付６丁目,単独世帯,106,106,0,0
板付７丁目,夫婦のみの世帯,161,322,1,1
板付７丁目,夫婦と子供から成る世帯,306,1148,1,1
板付７丁目,その他の核家族世帯,118,284,1,1
板付７丁目,核家族以外の世帯,34,116,1,1
板付７丁目,非親族を含む世帯,13,27,1,1
板付７丁目,単独世帯,360,360,1,1
大字板付,夫婦のみの世帯,10,20,0,0
大字板付,夫婦と子供から成る世帯,16,55,0,0
大字板付,その他の核家族世帯,6,16,0,0
大字板付,核家族以外の世帯,4,17,0,0
大字板付,非親族を含む世帯,0,0,0,0
大字板付,単独世帯,9,9,0,0
諸岡２丁目,夫婦のみの世帯,89,178,0,0
諸岡２丁目,夫婦と子供から成る世帯,126,452,0,0
諸岡２丁目,その他の核家族世帯,46,116,0,0
諸岡２丁目,核家族以外の世帯,14,60,0,0
諸岡２丁目,非親族を含む世帯,9,25,0,0
諸岡２丁目,単独世帯,193,193,0,0
諸岡３丁目,夫婦のみの世帯,218,436,5,5
諸岡３丁目,夫婦と子供から成る世帯,506,1876,5,5
諸岡３丁目,その他の核家族世帯,120,289,5,5
諸岡３丁目,核家族以外の世帯,75,291,5,5
諸岡３丁目,非親族を含む世帯,14,38,5,5
諸岡３丁目,単独世帯,699,699,5,5
諸岡４丁目,夫婦のみの世帯,146,292,0,0
諸岡４丁目,夫婦と子供から成る世帯,160,564,0,0
諸岡４丁目,その他の核家族世帯,73,166,0,0
諸岡４丁目,核家族以外の世帯,57,217,0,0
諸岡４丁目,非親族を含む世帯,17,43,0,0
諸岡４丁目,単独世帯,380,380,0,0
諸岡５丁目,夫婦のみの世帯,136,272,37,37
諸岡５丁目,夫婦と子供から成る世帯,215,768,37,37
諸岡５丁目,その他の核家族世帯,62,150,37,37
諸岡５丁目,核家族以外の世帯,41,158,37,37
諸岡５丁目,非親族を含む世帯,6,12,37,37
諸岡５丁目,単独世帯,464,464,37,37
諸岡６丁目,夫婦のみの世帯,109,218,22,22
諸岡６丁目,夫婦と子供から成る世帯,154,530,22,22
諸岡６丁目,その他の核家族世帯,42,98,22,22
諸岡６丁目,核家族以外の世帯,32,128,22,22
諸岡６丁目,非親族を含む世帯,12,29,22,22
諸岡６丁目,単独世帯,289,289,22,22
麦野２丁目,夫婦のみの世帯,85,170,0,0
麦野２丁目,夫婦と子供から成る世帯,143,519,0,0
麦野２丁目,その他の核家族世帯,49,125,0,0
麦野２丁目,核家族以外の世帯,18,69,0,0
麦野２丁目,非親族を含む世帯,3,8,0,0
麦野２丁目,単独世帯,107,107,0,0
麦野５丁目,夫婦のみの世帯,133,266,4,4
麦野５丁目,夫婦と子供から成る世帯,176,626,4,4
麦野５丁目,その他の核家族世帯,88,209,4,4
麦野５丁目,核家族以外の世帯,44,170,4,4
麦野５丁目,非親族を含む世帯,9,23,4,4
麦野５丁目,単独世帯,349,349,4,4
井相田１丁目,夫婦のみの世帯,8,16,18,18
井相田１丁目,夫婦と子供から成る世帯,33,128,18,18
井相田１丁目,その他の核家族世帯,7,18,18,18
井相田１丁目,核家族以外の世帯,0,0,18,18
井相田１丁目,非親族を含む世帯,1,2,18,18
井相田１丁目,単独世帯,40,40,18,18
井相田２丁目,夫婦のみの世帯,22,44,0,0
井相田２丁目,夫婦と子供から成る世帯,78,287,0,0
井相田２丁目,その他の核家族世帯,9,25,0,0
井相田２丁目,核家族以外の世帯,5,20,0,0
井相田２丁目,非親族を含む世帯,2,4,0,0
井相田２丁目,単独世帯,71,71,0,0
井相田３丁目,夫婦のみの世帯,106,212,0,0
井相田３丁目,夫婦と子供から成る世帯,147,529,0,0
井相田３丁目,その他の核家族世帯,23,59,0,0
井相田３丁目,核家族以外の世帯,29,118,0,0
井相田３丁目,非親族を含む世帯,12,28,0,0
井相田３丁目,単独世帯,248,248,0,0
三筑１丁目,夫婦のみの世帯,63,126,61,61
三筑１丁目,夫婦と子供から成る世帯,179,677,61,61
三筑１丁目,その他の核家族世帯,34,85,61,61
三筑１丁目,核家族以外の世帯,19,74,61,61
三筑１丁目,非親族を含む世帯,5,11,61,61
三筑１丁目,単独世帯,165,165,61,61
三筑２丁目,夫婦のみの世帯,118,236,2,2
三筑２丁目,夫婦と子供から成る世帯,234,872,2,2
三筑２丁目,その他の核家族世帯,82,215,2,2
三筑２丁目,核家族以外の世帯,37,145,2,2
三筑２丁目,非親族を含む世帯,9,22,2,2
三筑２丁目,単独世帯,424,424,2,2
相生町１丁目,夫婦のみの世帯,46,92,0,0
相生町１丁目,夫婦と子供から成る世帯,89,321,0,0
相生町１丁目,その他の核家族世帯,25,60,0,0
相生町１丁目,核家族以外の世帯,4,16,0,0
相生町１丁目,非親族を含む世帯,1,2,0,0
相生町１丁目,単独世帯,33,33,0,0
相生町２丁目,夫婦のみの世帯,39,78,0,0
相生町２丁目,夫婦と子供から成る世帯,51,182,0,0
相生町２丁目,その他の核家族世帯,13,28,0,0
相生町２丁目,核家族以外の世帯,10,40,0,0
相生町２丁目,非親族を含む世帯,3,6,0,0
相生町２丁目,単独世帯,224,224,0,0
相生町３丁目,夫婦のみの世帯,59,118,0,0
相生町３丁目,夫婦と子供から成る世帯,87,308,0,0
相生町３丁目,その他の核家族世帯,47,116,0,0
相生町３丁目,核家族以外の世帯,16,49,0,0
相生町３丁目,非親族を含む世帯,8,21,0,0
相生町３丁目,単独世帯,201,201,0,0
銀天町１丁目,夫婦のみの世帯,20,40,1,1
銀天町１丁目,夫婦と子供から成る世帯,37,128,1,1
銀天町１丁目,その他の核家族世帯,14,35,1,1
銀天町１丁目,核家族以外の世帯,4,17,1,1
銀天町１丁目,非親族を含む世帯,0,0,1,1
銀天町１丁目,単独世帯,57,57,1,1
銀天町２丁目,夫婦のみの世帯,19,38,7,7
銀天町２丁目,夫婦と子供から成る世帯,19,68,7,7
銀天町２丁目,その他の核家族世帯,7,17,7,7
銀天町２丁目,核家族以外の世帯,2,5,7,7
銀天町２丁目,非親族を含む世帯,2,4,7,7
銀天町２丁目,単独世帯,116,116,7,7
銀天町３丁目,夫婦のみの世帯,17,34,0,0
銀天町３丁目,夫婦と子供から成る世帯,15,50,0,0
銀天町３丁目,その他の核家族世帯,9,18,0,0
銀天町３丁目,核家族以外の世帯,5,13,0,0
銀天町３丁目,非親族を含む世帯,4,8,0,0
銀天町３丁目,単独世帯,167,167,0,0
寿町１丁目,夫婦のみの世帯,18,36,0,0
寿町１丁目,夫婦と子供から成る世帯,17,59,0,0
寿町１丁目,その他の核家族世帯,1,2,0,0
寿町１丁目,核家族以外の世帯,0,0,0,0
寿町１丁目,非親族を含む世帯,0,0,0,0
寿町１丁目,単独世帯,5,5,0,0
寿町２丁目,夫婦のみの世帯,71,142,7,7
寿町２丁目,夫婦と子供から成る世帯,65,228,7,7
寿町２丁目,その他の核家族世帯,23,51,7,7
寿町２丁目,核家族以外の世帯,12,42,7,7
寿町２丁目,非親族を含む世帯,7,15,7,7
寿町２丁目,単独世帯,411,411,7,7
寿町３丁目,夫婦のみの世帯,58,116,0,0
寿町３丁目,夫婦と子供から成る世帯,82,290,0,0
寿町３丁目,その他の核家族世帯,31,71,0,0
寿町３丁目,核家族以外の世帯,11,35,0,0
寿町３丁目,非親族を含む世帯,4,8,0,0
寿町３丁目,単独世帯,249,249,0,0
昭南町１丁目,夫婦のみの世帯,27,54,0,0
昭南町１丁目,夫婦と子供から成る世帯,37,132,0,0
昭南町１丁目,その他の核家族世帯,16,38,0,0
昭南町１丁目,核家族以外の世帯,5,25,0,0
昭南町１丁目,非親族を含む世帯,2,4,0,0
昭南町１丁目,単独世帯,173,173,0,0
昭南町２丁目,夫婦のみの世帯,12,24,0,0
昭南町２丁目,夫婦と子供から成る世帯,15,53,0,0
昭南町２丁目,その他の核家族世帯,6,13,0,0
昭南町２丁目,核家族以外の世帯,3,7,0,0
昭南町２丁目,非親族を含む世帯,1,2,0,0
昭南町２丁目,単独世帯,95,95,0,0
昭南町３丁目,夫婦のみの世帯,25,50,0,0
昭南町３丁目,夫婦と子供から成る世帯,15,55,0,0
昭南町３丁目,その他の核家族世帯,12,25,0,0
昭南町３丁目,核家族以外の世帯,11,42,0,0
昭南町３丁目,非親族を含む世帯,2,4,0,0
昭南町３丁目,単独世帯,108,108,0,0
新和町１丁目,夫婦のみの世帯,39,78,0,0
新和町１丁目,夫婦と子供から成る世帯,59,220,0,0
新和町１丁目,その他の核家族世帯,40,98,0,0
新和町１丁目,核家族以外の世帯,18,59,0,0
新和町１丁目,非親族を含む世帯,0,0,0,0
新和町１丁目,単独世帯,103,103,0,0
新和町２丁目,夫婦のみの世帯,44,88,3,3
新和町２丁目,夫婦と子供から成る世帯,88,322,3,3
新和町２丁目,その他の核家族世帯,25,57,3,3
新和町２丁目,核家族以外の世帯,17,75,3,3
新和町２丁目,非親族を含む世帯,3,6,3,3
新和町２丁目,単独世帯,184,184,3,3
西春町１丁目,夫婦のみの世帯,35,70,19,19
西春町１丁目,夫婦と子供から成る世帯,57,217,19,19
西春町１丁目,その他の核家族世帯,37,85,19,19
西春町１丁目,核家族以外の世帯,19,66,19,19
西春町１丁目,非親族を含む世帯,0,0,19,19
西春町１丁目,単独世帯,193,193,19,19
西春町２丁目,夫婦のみの世帯,10,20,40,40
西春町２丁目,夫婦と子供から成る世帯,9,31,40,40
西春町２丁目,その他の核家族世帯,3,7,40,40
西春町２丁目,核家族以外の世帯,4,16,40,40
西春町２丁目,非親族を含む世帯,1,2,40,40
西春町２丁目,単独世帯,80,80,40,40
西春町３丁目,夫婦のみの世帯,37,74,0,0
西春町３丁目,夫婦と子供から成る世帯,50,170,0,0
西春町３丁目,その他の核家族世帯,17,35,0,0
西春町３丁目,核家族以外の世帯,9,33,0,0
西春町３丁目,非親族を含む世帯,1,2,0,0
西春町３丁目,単独世帯,124,124,0,0
西春町４丁目,夫婦のみの世帯,15,30,0,0
西春町４丁目,夫婦と子供から成る世帯,29,103,0,0
西春町４丁目,その他の核家族世帯,18,40,0,0
西春町４丁目,核家族以外の世帯,6,20,0,0
西春町４丁目,非親族を含む世帯,3,9,0,0
西春町４丁目,単独世帯,39,39,0,0
春町２丁目,夫婦のみの世帯,49,98,0,0
春町２丁目,夫婦と子供から成る世帯,68,249,0,0
春町２丁目,その他の核家族世帯,32,76,0,0
春町２丁目,核家族以外の世帯,9,34,0,0
春町２丁目,非親族を含む世帯,5,10,0,0
春町２丁目,単独世帯,174,174,0,0
春町３丁目,夫婦のみの世帯,39,78,0,0
春町３丁目,夫婦と子供から成る世帯,36,124,0,0
春町３丁目,その他の核家族世帯,15,36,0,0
春町３丁目,核家族以外の世帯,7,26,0,0
春町３丁目,非親族を含む世帯,4,8,0,0
春町３丁目,単独世帯,134,134,0,0
東雲町１丁目,夫婦のみの世帯,8,16,0,0
東雲町１丁目,夫婦と子供から成る世帯,3,12,0,0
東雲町１丁目,その他の核家族世帯,2,4,0,0
東雲町１丁目,核家族以外の世帯,1,3,0,0
東雲町１丁目,非親族を含む世帯,1,2,0,0
東雲町１丁目,単独世帯,101,101,0,0
東雲町２丁目,夫婦のみの世帯,33,66,0,0
東雲町２丁目,夫婦と子供から成る世帯,65,226,0,0
東雲町２丁目,その他の核家族世帯,26,63,0,0
東雲町２丁目,核家族以外の世帯,6,21,0,0
東雲町２丁目,非親族を含む世帯,4,8,0,0
東雲町２丁目,単独世帯,132,132,0,0
東雲町３丁目,夫婦のみの世帯,26,52,0,0
東雲町３丁目,夫婦と子供から成る世帯,39,136,0,0
東雲町３丁目,その他の核家族世帯,10,25,0,0
東雲町３丁目,核家族以外の世帯,10,33,0,0
東雲町３丁目,非親族を含む世帯,0,0,0,0
東雲町３丁目,単独世帯,81,81,0,0
東雲町４丁目,夫婦のみの世帯,13,26,0,0
東雲町４丁目,夫婦と子供から成る世帯,17,59,0,0
東雲町４丁目,その他の核家族世帯,6,16,0,0
東雲町４丁目,核家族以外の世帯,5,17,0,0
東雲町４丁目,非親族を含む世帯,0,0,0,0
東雲町４丁目,単独世帯,99,99,0,0
光丘町２丁目,夫婦のみの世帯,17,34,5,5
光丘町２丁目,夫婦と子供から成る世帯,46,175,5,5
光丘町２丁目,その他の核家族世帯,8,18,5,5
光丘町２丁目,核家族以外の世帯,6,25,5,5
光丘町２丁目,非親族を含む世帯,0,0,5,5
光丘町２丁目,単独世帯,82,82,5,5
光丘町３丁目,夫婦のみの世帯,19,38,1,1
光丘町３丁目,夫婦と子供から成る世帯,36,129,1,1
光丘町３丁目,その他の核家族世帯,11,26,1,1
光丘町３丁目,核家族以外の世帯,5,20,1,1
光丘町３丁目,非親族を含む世帯,2,4,1,1
光丘町３丁目,単独世帯,64,64,1,1
南本町１丁目,夫婦のみの世帯,19,38,0,0
南本町１丁目,夫婦と子供から成る世帯,11,41,0,0
南本町１丁目,その他の核家族世帯,8,18,0,0
南本町１丁目,核家族以外の世帯,6,25,0,0
南本町１丁目,非親族を含む世帯,2,4,0,0
南本町１丁目,単独世帯,91,91,0,0
南本町２丁目,夫婦のみの世帯,33,66,0,0
南本町２丁目,夫婦と子供から成る世帯,28,102,0,0
南本町２丁目,その他の核家族世帯,23,48,0,0
南本町２丁目,核家族以外の世帯,11,43,0,0
南本町２丁目,非親族を含む世帯,3,7,0,0
南本町２丁目,単独世帯,119,119,0,0
南八幡町１丁目,夫婦のみの世帯,39,78,1,1
南八幡町１丁目,夫婦と子供から成る世帯,77,284,1,1
南八幡町１丁目,その他の核家族世帯,22,57,1,1
南八幡町１丁目,核家族以外の世帯,11,38,1,1
南八幡町１丁目,非親族を含む世帯,3,9,1,1
南八幡町１丁目,単独世帯,220,220,1,1
竹丘町１丁目,夫婦のみの世帯,30,60,0,0
竹丘町１丁目,夫婦と子供から成る世帯,31,112,0,0
竹丘町１丁目,その他の核家族世帯,11,27,0,0
竹丘町１丁目,核家族以外の世帯,11,38,0,0
竹丘町１丁目,非親族を含む世帯,2,4,0,0
竹丘町１丁目,単独世帯,97,97,0,0
竹丘町３丁目,夫婦のみの世帯,21,42,0,0
竹丘町３丁目,夫婦と子供から成る世帯,5,17,0,0
竹丘町３丁目,その他の核家族世帯,8,16,0,0
竹丘町３丁目,核家族以外の世帯,4,10,0,0
竹丘町３丁目,非親族を含む世帯,1,2,0,0
竹丘町３丁目,単独世帯,75,75,0,0
元町１丁目,夫婦のみの世帯,28,56,4,4
元町１丁目,夫婦と子供から成る世帯,30,107,4,4
元町１丁目,その他の核家族世帯,14,30,4,4
元町１丁目,核家族以外の世帯,8,25,4,4
元町１丁目,非親族を含む世帯,1,2,4,4
元町１丁目,単独世帯,132,132,4,4
元町２丁目,夫婦のみの世帯,152,304,0,0
元町２丁目,夫婦と子供から成る世帯,208,750,0,0
元町２丁目,その他の核家族世帯,59,138,0,0
元町２丁目,核家族以外の世帯,31,106,0,0
元町２丁目,非親族を含む世帯,3,9,0,0
元町２丁目,単独世帯,368,368,0,0
元町３丁目,夫婦のみの世帯,6,12,0,0
元町３丁目,夫婦と子供から成る世帯,76,284,0,0
元町３丁目,その他の核家族世帯,3,7,0,0
元町３丁目,核家族以外の世帯,0,0,0,0
元町３丁目,非親族を含む世帯,0,0,0,0
元町３丁目,単独世帯,4,4,0,0
青木２丁目,夫婦のみの世帯,2,4,0,0
青木２丁目,夫婦と子供から成る世帯,2,7,0,0
青木２丁目,その他の核家族世帯,1,4,0,0
青木２丁目,核家族以外の世帯,1,6,0,0
青木２丁目,非親族を含む世帯,0,0,0,0
青木２丁目,単独世帯,0,0,0,0
空港前１丁目,夫婦のみの世帯,1,2,0,0
空港前１丁目,夫婦と子供から成る世帯,1,4,0,0
空港前１丁目,その他の核家族世帯,0,0,0,0
空港前１丁目,核家族以外の世帯,1,7,0,0
空港前１丁目,非親族を含む世帯,0,0,0,0
空港前１丁目,単独世帯,15,15,0,0
空港前２丁目,夫婦のみの世帯,49,98,0,0
空港前２丁目,夫婦と子供から成る世帯,84,297,0,0
空港前２丁目,その他の核家族世帯,24,56,0,0
空港前２丁目,核家族以外の世帯,30,120,0,0
空港前２丁目,非親族を含む世帯,4,8,0,0
空港前２丁目,単独世帯,271,271,0,0
空港前３丁目,夫婦のみの世帯,46,92,0,0
空港前３丁目,夫婦と子供から成る世帯,74,261,0,0
空港前３丁目,その他の核家族世帯,29,73,0,0
空港前３丁目,核家族以外の世帯,37,163,0,0
空港前３丁目,非親族を含む世帯,8,17,0,0
空港前３丁目,単独世帯,384,384,0,0
空港前５丁目,夫婦のみの世帯,29,58,1,1
空港前５丁目,夫婦と子供から成る世帯,44,168,1,1
空港前５丁目,その他の核家族世帯,13,31,1,1
空港前５丁目,核家族以外の世帯,16,69,1,1
空港前５丁目,非親族を含む世帯,1,2,1,1
空港前５丁目,単独世帯,34,34,1,1
東平尾１丁目,夫婦のみの世帯,68,136,11,11
東平尾１丁目,夫婦と子供から成る世帯,113,408,11,11
東平尾１丁目,その他の核家族世帯,20,47,11,11
東平尾１丁目,核家族以外の世帯,11,46,11,11
東平尾１丁目,非親族を含む世帯,5,11,11,11
東平尾１丁目,単独世帯,160,160,11,11
東平尾２丁目,夫婦のみの世帯,75,150,2,2
東平尾２丁目,夫婦と子供から成る世帯,106,381,2,2
東平尾２丁目,その他の核家族世帯,21,49,2,2
東平尾２丁目,核家族以外の世帯,21,84,2,2
東平尾２丁目,非親族を含む世帯,8,21,2,2
東平尾２丁目,単独世帯,104,104,2,2
東平尾３丁目,夫婦のみの世帯,0,0,0,0
東平尾３丁目,夫婦と子供から成る世帯,0,0,0,0
東平尾３丁目,その他の核家族世帯,0,0,0,0
東平尾３丁目,核家族以外の世帯,0,0,0,0
東平尾３丁目,非親族を含む世帯,0,0,0,0
東平尾３丁目,単独世帯,0,0,0,0
東平尾公園１丁目,夫婦のみの世帯,0,0,0,0
東平尾公園１丁目,夫婦と子供から成る世帯,0,0,0,0
東平尾公園１丁目,その他の核家族世帯,0,0,0,0
東平尾公園１丁目,核家族以外の世帯,0,0,0,0
東平尾公園１丁目,非親族を含む世帯,0,0,0,0
東平尾公園１丁目,単独世帯,0,0,0,0
東平尾公園２丁目,夫婦のみの世帯,0,0,0,0
東平尾公園２丁目,夫婦と子供から成る世帯,0,0,0,0
東平尾公園２丁目,その他の核家族世帯,0,0,0,0
東平尾公園２丁目,核家族以外の世帯,0,0,0,0
東平尾公園２丁目,非親族を含む世帯,0,0,0,0
東平尾公園２丁目,単独世帯,0,0,0,0
月隈２丁目,夫婦のみの世帯,41,82,0,0
月隈２丁目,夫婦と子供から成る世帯,107,400,0,0
月隈２丁目,その他の核家族世帯,28,70,0,0
月隈２丁目,核家族以外の世帯,21,93,0,0
月隈２丁目,非親族を含む世帯,2,4,0,0
月隈２丁目,単独世帯,55,55,0,0
月隈３丁目,夫婦のみの世帯,18,36,0,0
月隈３丁目,夫婦と子供から成る世帯,40,153,0,0
月隈３丁目,その他の核家族世帯,15,36,0,0
月隈３丁目,核家族以外の世帯,6,29,0,0
月隈３丁目,非親族を含む世帯,0,0,0,0
月隈３丁目,単独世帯,41,41,0,0
月隈４丁目,夫婦のみの世帯,0,0,0,0
月隈４丁目,夫婦と子供から成る世帯,0,0,0,0
月隈４丁目,その他の核家族世帯,0,0,0,0
月隈４丁目,核家族以外の世帯,0,0,0,0
月隈４丁目,非親族を含む世帯,0,0,0,0
月隈４丁目,単独世帯,0,0,0,0
月隈５丁目,夫婦のみの世帯,0,0,0,0
月隈５丁目,夫婦と子供から成る世帯,0,0,0,0
月隈５丁目,その他の核家族世帯,0,0,0,0
月隈５丁目,核家族以外の世帯,0,0,0,0
月隈５丁目,非親族を含む世帯,0,0,0,0
月隈５丁目,単独世帯,0,0,0,0
月隈６丁目,夫婦のみの世帯,34,68,0,0
月隈６丁目,夫婦と子供から成る世帯,62,221,0,0
月隈６丁目,その他の核家族世帯,17,48,0,0
月隈６丁目,核家族以外の世帯,13,62,0,0
月隈６丁目,非親族を含む世帯,4,9,0,0
月隈６丁目,単独世帯,114,114,0,0
金の隈１丁目,夫婦のみの世帯,132,264,8,8
金の隈１丁目,夫婦と子供から成る世帯,192,733,8,8
金の隈１丁目,その他の核家族世帯,49,119,8,8
金の隈１丁目,核家族以外の世帯,41,176,8,8
金の隈１丁目,非親族を含む世帯,6,12,8,8
金の隈１丁目,単独世帯,235,235,8,8
金の隈２丁目,夫婦のみの世帯,52,104,5,5
金の隈２丁目,夫婦と子供から成る世帯,96,353,5,5
金の隈２丁目,その他の核家族世帯,30,75,5,5
金の隈２丁目,核家族以外の世帯,16,74,5,5
金の隈２丁目,非親族を含む世帯,3,8,5,5
金の隈２丁目,単独世帯,110,110,5,5
博多港,夫婦のみの世帯,0,0,0,0
博多港,夫婦と子供から成る世帯,0,0,0,0
博多港,その他の核家族世帯,0,0,0,0
博多港,核家族以外の世帯,0,0,0,0
博多港,非親族を含む世帯,0,0,0,0
博多港,単独世帯,0,0,0,0
博多駅前２丁目,夫婦のみの世帯,19,38,6,7
博多駅前２丁目,夫婦と子供から成る世帯,4,12,6,7
博多駅前２丁目,その他の核家族世帯,10,22,6,7
博多駅前２丁目,核家族以外の世帯,4,12,6,7
博多駅前２丁目,非親族を含む世帯,1,2,6,7
博多駅前２丁目,単独世帯,259,259,6,7
博多駅東１丁目,夫婦のみの世帯,49,98,8,9
博多駅東１丁目,夫婦と子供から成る世帯,28,95,8,9
博多駅東１丁目,その他の核家族世帯,24,56,8,9
博多駅東１丁目,核家族以外の世帯,12,30,8,9
博多駅東１丁目,非親族を含む世帯,16,33,8,9
博多駅東１丁目,単独世帯,678,678,8,9
博多駅南１丁目,夫婦のみの世帯,33,66,127,128
博多駅南１丁目,夫婦と子供から成る世帯,35,118,127,128
博多駅南１丁目,その他の核家族世帯,18,38,127,128
博多駅南１丁目,核家族以外の世帯,13,41,127,128
博多駅南１丁目,非親族を含む世帯,12,24,127,128
博多駅南１丁目,単独世帯,1094,1094,127,128
山王２丁目,夫婦のみの世帯,34,68,1,2
山王２丁目,夫婦と子供から成る世帯,46,172,1,2
山王２丁目,その他の核家族世帯,15,38,1,2
山王２丁目,核家族以外の世帯,8,30,1,2
山王２丁目,非親族を含む世帯,11,22,1,2
山王２丁目,単独世帯,233,233,1,2
美野島１丁目,夫婦のみの世帯,83,166,28,29
美野島１丁目,夫婦と子供から成る世帯,105,370,28,29
美野島１丁目,その他の核家族世帯,67,149,28,29
美野島１丁目,核家族以外の世帯,47,149,28,29
美野島１丁目,非親族を含む世帯,16,33,28,29
美野島１丁目,単独世帯,1325,1325,28,29
中洲５丁目,夫婦のみの世帯,13,26,1,2
中洲５丁目,夫婦と子供から成る世帯,3,11,1,2
中洲５丁目,その他の核家族世帯,4,10,1,2
中洲５丁目,核家族以外の世帯,1,2,1,2
中洲５丁目,非親族を含む世帯,4,8,1,2
中洲５丁目,単独世帯,505,505,1,2
古門戸町,夫婦のみの世帯,43,86,5,6
古門戸町,夫婦と子供から成る世帯,57,209,5,6
古門戸町,その他の核家族世帯,31,66,5,6
古門戸町,核家族以外の世帯,22,81,5,6
古門戸町,非親族を含む世帯,4,8,5,6
古門戸町,単独世帯,498,498,5,6
神屋町,夫婦のみの世帯,76,152,9,10
神屋町,夫婦と子供から成る世帯,67,237,9,10
神屋町,その他の核家族世帯,42,102,9,10
神屋町,核家族以外の世帯,27,91,9,10
神屋町,非親族を含む世帯,23,48,9,10
神屋町,単独世帯,1199,1199,9,10
石城町,夫婦のみの世帯,46,92,147,148
石城町,夫婦と子供から成る世帯,47,172,147,148
石城町,その他の核家族世帯,32,70,147,148
石城町,核家族以外の世帯,13,38,147,148
石城町,非親族を含む世帯,6,13,147,148
石城町,単独世帯,799,799,147,148
中呉服町,夫婦のみの世帯,36,72,7,8
中呉服町,夫婦と子供から成る世帯,23,80,7,8
中呉服町,その他の核家族世帯,18,39,7,8
中呉服町,核家族以外の世帯,12,32,7,8
中呉服町,非親族を含む世帯,11,23,7,8
中呉服町,単独世帯,811,811,7,8
大博町,夫婦のみの世帯,70,140,41,42
大博町,夫婦と子供から成る世帯,86,311,41,42
大博町,その他の核家族世帯,54,133,41,42
大博町,核家族以外の世帯,34,111,41,42
大博町,非親族を含む世帯,16,38,41,42
大博町,単独世帯,711,711,41,42
千代２丁目,夫婦のみの世帯,59,118,5,6
千代２丁目,夫婦と子供から成る世帯,34,119,5,6
千代２丁目,その他の核家族世帯,49,117,5,6
千代２丁目,核家族以外の世帯,16,49,5,6
千代２丁目,非親族を含む世帯,11,25,5,6
千代２丁目,単独世帯,912,912,5,6
千代３丁目,夫婦のみの世帯,156,312,3,4
千代３丁目,夫婦と子供から成る世帯,126,467,3,4
千代３丁目,その他の核家族世帯,116,279,3,4
千代３丁目,核家族以外の世帯,42,112,3,4
千代３丁目,非親族を含む世帯,24,51,3,4
千代３丁目,単独世帯,990,990,3,4
吉塚本町,夫婦のみの世帯,102,204,12,13
吉塚本町,夫婦と子供から成る世帯,126,433,12,13
吉塚本町,その他の核家族世帯,31,73,12,13
吉塚本町,核家族以外の世帯,19,76,12,13
吉塚本町,非親族を含む世帯,21,45,12,13
吉塚本町,単独世帯,477,477,12,13
豊２丁目,夫婦のみの世帯,56,112,4,5
豊２丁目,夫婦と子供から成る世帯,54,185,4,5
豊２丁目,その他の核家族世帯,10,20,4,5
豊２丁目,核家族以外の世帯,9,24,4,5
豊２丁目,非親族を含む世帯,20,40,4,5
豊２丁目,単独世帯,288,288,4,5
竹下２丁目,夫婦のみの世帯,37,74,94,95
竹下２丁目,夫婦と子供から成る世帯,23,85,94,95
竹下２丁目,その他の核家族世帯,7,15,94,95
竹下２丁目,核家族以外の世帯,6,18,94,95
竹下２丁目,非親族を含む世帯,7,14,94,95
竹下２丁目,単独世帯,374,374,94,95
那珂１丁目,夫婦のみの世帯,117,234,8,9
那珂１丁目,夫婦と子供から成る世帯,197,705,8,9
那珂１丁目,その他の核家族世帯,66,166,8,9
那珂１丁目,核家族以外の世帯,48,188,8,9
那珂１丁目,非親族を含む世帯,10,27,8,9
那珂１丁目,単独世帯,520,520,8,9
麦野３丁目,夫婦のみの世帯,55,110,79,80
麦野３丁目,夫婦と子供から成る世帯,130,501,79,80
麦野３丁目,その他の核家族世帯,30,85,79,80
麦野３丁目,核家族以外の世帯,21,95,79,80
麦野３丁目,非親族を含む世帯,4,10,79,80
麦野３丁目,単独世帯,174,174,79,80
麦野４丁目,夫婦のみの世帯,124,248,5,6
麦野４丁目,夫婦と子供から成る世帯,162,588,5,6
麦野４丁目,その他の核家族世帯,78,187,5,6
麦野４丁目,核家族以外の世帯,34,125,5,6
麦野４丁目,非親族を含む世帯,11,27,5,6
麦野４丁目,単独世帯,533,533,5,6
南八幡町２丁目,夫婦のみの世帯,57,114,1,2
南八幡町２丁目,夫婦と子供から成る世帯,171,628,1,2
南八幡町２丁目,その他の核家族世帯,41,96,1,2
南八幡町２丁目,核家族以外の世帯,16,65,1,2
南八幡町２丁目,非親族を含む世帯,5,11,1,2
南八幡町２丁目,単独世帯,228,228,1,2
月隈１丁目,夫婦のみの世帯,18,36,1,2
月隈１丁目,夫婦と子供から成る世帯,34,128,1,2
月隈１丁目,その他の核家族世帯,7,18,1,2
月隈１丁目,核家族以外の世帯,8,35,1,2
月隈１丁目,非親族を含む世帯,1,3,1,2
月隈１丁目,単独世帯,18,18,1,2
博多駅前４丁目,夫婦のみの世帯,240,480,22,24
博多駅前４丁目,夫婦と子供から成る世帯,176,606,22,24
博多駅前４丁目,その他の核家族世帯,120,276,22,24
博多駅前４丁目,核家族以外の世帯,59,160,22,24
博多駅前４丁目,非親族を含む世帯,31,69,22,24
博多駅前４丁目,単独世帯,2782,2782,22,24
博多駅東３丁目,夫婦のみの世帯,47,94,6,8
博多駅東３丁目,夫婦と子供から成る世帯,24,84,6,8
博多駅東３丁目,その他の核家族世帯,27,61,6,8
博多駅東３丁目,核家族以外の世帯,10,26,6,8
博多駅東３丁目,非親族を含む世帯,13,26,6,8
博多駅東３丁目,単独世帯,818,818,6,8
博多駅南５丁目,夫婦のみの世帯,138,276,102,104
博多駅南５丁目,夫婦と子供から成る世帯,162,574,102,104
博多駅南５丁目,その他の核家族世帯,70,159,102,104
博多駅南５丁目,核家族以外の世帯,53,183,102,104
博多駅南５丁目,非親族を含む世帯,21,44,102,104
博多駅南５丁目,単独世帯,1388,1388,102,104
須崎町,夫婦のみの世帯,54,108,3,5
須崎町,夫婦と子供から成る世帯,49,171,3,5
須崎町,その他の核家族世帯,32,72,3,5
須崎町,核家族以外の世帯,11,41,3,5
須崎町,非親族を含む世帯,7,16,3,5
須崎町,単独世帯,552,552,3,5
吉塚３丁目,夫婦のみの世帯,119,238,8,10
吉塚３丁目,夫婦と子供から成る世帯,149,530,8,10
吉塚３丁目,その他の核家族世帯,88,207,8,10
吉塚３丁目,核家族以外の世帯,38,128,8,10
吉塚３丁目,非親族を含む世帯,11,27,8,10
吉塚３丁目,単独世帯,598,598,8,10
堅粕２丁目,夫婦のみの世帯,73,146,2,4
堅粕２丁目,夫婦と子供から成る世帯,73,269,2,4
堅粕２丁目,その他の核家族世帯,46,106,2,4
堅粕２丁目,核家族以外の世帯,17,52,2,4
堅粕２丁目,非親族を含む世帯,6,12,2,4
堅粕２丁目,単独世帯,408,408,2,4
東光２丁目,夫婦のみの世帯,76,152,42,44
東光２丁目,夫婦と子供から成る世帯,73,270,42,44
東光２丁目,その他の核家族世帯,42,103,42,44
東光２丁目,核家族以外の世帯,22,65,42,44
東光２丁目,非親族を含む世帯,12,26,42,44
東光２丁目,単独世帯,386,386,42,44
東比恵２丁目,夫婦のみの世帯,54,108,9,11
東比恵２丁目,夫婦と子供から成る世帯,40,140,9,11
東比恵２丁目,その他の核家族世帯,29,67,9,11
東比恵２丁目,核家族以外の世帯,10,32,9,11
東比恵２丁目,非親族を含む世帯,4,8,9,11
東比恵２丁目,単独世帯,592,592,9,11
東比恵４丁目,夫婦のみの世帯,59,118,8,10
東比恵４丁目,夫婦と子供から成る世帯,75,275,8,10
東比恵４丁目,その他の核家族世帯,36,84,8,10
東比恵４丁目,核家族以外の世帯,16,48,8,10
東比恵４丁目,非親族を含む世帯,6,12,8,10
東比恵４丁目,単独世帯,307,307,8,10
西月隈１丁目,夫婦のみの世帯,20,40,27,29
西月隈１丁目,夫婦と子供から成る世帯,18,62,27,29
西月隈１丁目,その他の核家族世帯,11,30,27,29
西月隈１丁目,核家族以外の世帯,7,28,27,29
西月隈１丁目,非親族を含む世帯,2,6,27,29
西月隈１丁目,単独世帯,120,120,27,29
浦田１丁目,夫婦のみの世帯,118,236,5,7
浦田１丁目,夫婦と子供から成る世帯,231,840,5,7
浦田１丁目,その他の核家族世帯,71,188,5,7
浦田１丁目,核家族以外の世帯,56,241,5,7
浦田１丁目,非親族を含む世帯,8,20,5,7
浦田１丁目,単独世帯,170,170,5,7
麦野６丁目,夫婦のみの世帯,82,164,2,4
麦野６丁目,夫婦と子供から成る世帯,98,343,2,4
麦野６丁目,その他の核家族世帯,51,116,2,4
麦野６丁目,核家族以外の世帯,37,130,2,4
麦野６丁目,非親族を含む世帯,10,20,2,4
麦野６丁目,単独世帯,499,499,2,4
春町１丁目,夫婦のみの世帯,19,38,15,17
春町１丁目,夫婦と子供から成る世帯,22,75,15,17
春町１丁目,その他の核家族世帯,18,42,15,17
春町１丁目,核家族以外の世帯,6,21,15,17
春町１丁目,非親族を含む世帯,2,7,15,17
春町１丁目,単独世帯,194,194,15,17
竹丘町２丁目,夫婦のみの世帯,25,50,4,6
竹丘町２丁目,夫婦と子供から成る世帯,42,158,4,6
竹丘町２丁目,その他の核家族世帯,22,50,4,6
竹丘町２丁目,核家族以外の世帯,8,27,4,6
竹丘町２丁目,非親族を含む世帯,2,5,4,6
竹丘町２丁目,単独世帯,216,216,4,6
千代１丁目,夫婦のみの世帯,219,438,29,32
千代１丁目,夫婦と子供から成る世帯,152,542,29,32
千代１丁目,その他の核家族世帯,128,311,29,32
千代１丁目,核家族以外の世帯,76,230,29,32
千代１丁目,非親族を含む世帯,34,70,29,32
千代１丁目,単独世帯,1479,1479,29,32
堅粕４丁目,夫婦のみの世帯,70,140,31,34
堅粕４丁目,夫婦と子供から成る世帯,83,273,31,34
堅粕４丁目,その他の核家族世帯,45,103,31,34
堅粕４丁目,核家族以外の世帯,38,139,31,34
堅粕４丁目,非親族を含む世帯,12,25,31,34
堅粕４丁目,単独世帯,847,847,31,34
那珂２丁目,夫婦のみの世帯,98,196,5,8
那珂２丁目,夫婦と子供から成る世帯,158,580,5,8
那珂２丁目,その他の核家族世帯,41,96,5,8
那珂２丁目,核家族以外の世帯,26,97,5,8
那珂２丁目,非親族を含む世帯,3,6,5,8
那珂２丁目,単独世帯,245,245,5,8
光丘町１丁目,夫婦のみの世帯,43,86,3,6
光丘町１丁目,夫婦と子供から成る世帯,72,265,3,6
光丘町１丁目,その他の核家族世帯,40,96,3,6
光丘町１丁目,核家族以外の世帯,10,35,3,6
光丘町１丁目,非親族を含む世帯,0,0,3,6
光丘町１丁目,単独世帯,190,190,3,6
青木１丁目,夫婦のみの世帯,127,254,2,5
青木１丁目,夫婦と子供から成る世帯,234,861,2,5
青木１丁目,その他の核家族世帯,53,133,2,5
青木１丁目,核家族以外の世帯,33,130,2,5
青木１丁目,非親族を含む世帯,3,12,2,5
青木１丁目,単独世帯,230,230,2,5
博多駅前１丁目,夫婦のみの世帯,31,62,34,38
博多駅前１丁目,夫婦と子供から成る世帯,31,114,34,38
博多駅前１丁目,その他の核家族世帯,23,52,34,38
博多駅前１丁目,核家族以外の世帯,19,57,34,38
博多駅前１丁目,非親族を含む世帯,9,18,34,38
博多駅前１丁目,単独世帯,647,647,34,38
山王１丁目,夫婦のみの世帯,98,196,35,39
山王１丁目,夫婦と子供から成る世帯,156,574,35,39
山王１丁目,その他の核家族世帯,57,137,35,39
山王１丁目,核家族以外の世帯,23,68,35,39
山王１丁目,非親族を含む世帯,16,39,35,39
山王１丁目,単独世帯,425,425,35,39
吉塚１丁目,夫婦のみの世帯,180,360,6,10
吉塚１丁目,夫婦と子供から成る世帯,183,660,6,10
吉塚１丁目,その他の核家族世帯,132,330,6,10
吉塚１丁目,核家族以外の世帯,67,219,6,10
吉塚１丁目,非親族を含む世帯,24,48,6,10
吉塚１丁目,単独世帯,1105,1105,6,10
那珂３丁目,夫婦のみの世帯,113,226,1,5
那珂３丁目,夫婦と子供から成る世帯,249,945,1,5
那珂３丁目,その他の核家族世帯,118,288,1,5
那珂３丁目,核家族以外の世帯,36,140,1,5
那珂３丁目,非親族を含む世帯,11,25,1,5
那珂３丁目,単独世帯,254,254,1,5
麦野１丁目,夫婦のみの世帯,74,148,1,5
麦野１丁目,夫婦と子供から成る世帯,84,291,1,5
麦野１丁目,その他の核家族世帯,32,69,1,5
麦野１丁目,核家族以外の世帯,38,170,1,5
麦野１丁目,非親族を含む世帯,3,7,1,5
麦野１丁目,単独世帯,152,152,1,5
空港前４丁目,夫婦のみの世帯,7,14,31,35
空港前４丁目,夫婦と子供から成る世帯,19,63,31,35
空港前４丁目,その他の核家族世帯,2,6,31,35
空港前４丁目,核家族以外の世帯,16,75,31,35
空港前４丁目,非親族を含む世帯,1,5,31,35
空港前４丁目,単独世帯,49,49,31,35
金の隈３丁目,夫婦のみの世帯,91,182,47,51
金の隈３丁目,夫婦と子供から成る世帯,136,495,47,51
金の隈３丁目,その他の核家族世帯,29,66,47,51
金の隈３丁目,核家族以外の世帯,28,118,47,51
金の隈３丁目,非親族を含む世帯,4,10,47,51
金の隈３丁目,単独世帯,328,328,47,51
博多駅南２丁目,夫婦のみの世帯,143,286,11,16
博多駅南２丁目,夫婦と子供から成る世帯,181,647,11,16
博多駅南２丁目,その他の核家族世帯,61,143,11,16
博多駅南２丁目,核家族以外の世帯,42,130,11,16
博多駅南２丁目,非親族を含む世帯,22,45,11,16
博多駅南２丁目,単独世帯,1548,1548,11,16
博多駅南３丁目,夫婦のみの世帯,196,392,27,32
博多駅南３丁目,夫婦と子供から成る世帯,202,729,27,32
博多駅南３丁目,その他の核家族世帯,108,249,27,32
博多駅南３丁目,核家族以外の世帯,63,168,27,32
博多駅南３丁目,非親族を含む世帯,39,85,27,32
博多駅南３丁目,単独世帯,2440,2440,27,32
諸岡１丁目,夫婦のみの世帯,64,128,2,7
諸岡１丁目,夫婦と子供から成る世帯,128,464,2,7
諸岡１丁目,その他の核家族世帯,36,86,2,7
諸岡１丁目,核家族以外の世帯,35,160,2,7
諸岡１丁目,非親族を含む世帯,0,0,2,7
諸岡１丁目,単独世帯,77,77,2,7
立花寺,夫婦のみの世帯,36,72,6,11
立花寺,夫婦と子供から成る世帯,47,168,6,11
立花寺,その他の核家族世帯,9,27,6,11
立花寺,核家族以外の世帯,16,71,6,11
立花寺,非親族を含む世帯,2,4,6,11
立花寺,単独世帯,96,96,6,11
美野島２丁目,夫婦のみの世帯,135,270,9,15
美野島２丁目,夫婦と子供から成る世帯,163,575,9,15
美野島２丁目,その他の核家族世帯,99,224,9,15
美野島２丁目,核家族以外の世帯,60,205,9,15
美野島２丁目,非親族を含む世帯,47,100,9,15
美野島２丁目,単独世帯,1965,1965,9,15
御供所町,夫婦のみの世帯,52,104,14,20
御供所町,夫婦と子供から成る世帯,61,214,14,20
御供所町,その他の核家族世帯,29,63,14,20
御供所町,核家族以外の世帯,24,79,14,20
御供所町,非親族を含む世帯,12,29,14,20
御供所町,単独世帯,524,524,14,20
西月隈３丁目,夫婦のみの世帯,76,152,2,9
西月隈３丁目,夫婦と子供から成る世帯,151,533,2,9
西月隈３丁目,その他の核家族世帯,36,83,2,9
西月隈３丁目,核家族以外の世帯,12,50,2,9
西月隈３丁目,非親族を含む世帯,6,17,2,9
西月隈３丁目,単独世帯,192,192,2,9
吉塚６丁目,夫婦のみの世帯,195,390,39,48
吉塚６丁目,夫婦と子供から成る世帯,256,927,39,48
吉塚６丁目,その他の核家族世帯,106,249,39,48
吉塚６丁目,核家族以外の世帯,42,129,39,48
吉塚６丁目,非親族を含む世帯,15,30,39,48
吉塚６丁目,単独世帯,1010,1010,39,48