Town,HouseholdType,TotalHouseholds
博多駅前１丁目,夫婦のみの世帯,30
博多駅前１丁目,夫婦と子供から成る世帯,30
博多駅前１丁目,その他の核家族世帯,22
博多駅前１丁目,核家族以外の世帯,18
博多駅前１丁目,非親族を含む世帯,9
博多駅前１丁目,単独世帯,617
博多駅前２丁目,夫婦のみの世帯,19
博多駅前２丁目,夫婦と子供から成る世帯,4
博多駅前２丁目,その他の核家族世帯,10
博多駅前２丁目,核家族以外の世帯,4
博多駅前２丁目,非親族を含む世帯,1
博多駅前２丁目,単独世帯,253
博多駅前３丁目,夫婦のみの世帯,54
博多駅前３丁目,夫婦と子供から成る世帯,18
博多駅前３丁目,その他の核家族世帯,27
博多駅前３丁目,核家族以外の世帯,14
博多駅前３丁目,非親族を含む世帯,8
博多駅前３丁目,単独世帯,1412
博多駅前４丁目,夫婦のみの世帯,238
博多駅前４丁目,夫婦と子供から成る世帯,175
博多駅前４丁目,その他の核家族世帯,119
博多駅前４丁目,核家族以外の世帯,59
博多駅前４丁目,非親族を含む世帯,31
博多駅前４丁目,単独世帯,2764
博多駅中央街,夫婦のみの世帯,5
博多駅中央街,夫婦と子供から成る世帯,1
博多駅中央街,その他の核家族世帯,4
博多駅中央街,核家族以外の世帯,0
博多駅中央街,非親族を含む世帯,1
博多駅中央街,単独世帯,58
博多駅東１丁目,夫婦のみの世帯,49
博多駅東１丁目,夫婦と子供から成る世帯,28
博多駅東１丁目,その他の核家族世帯,24
博多駅東１丁目,核家族以外の世帯,12
博多駅東１丁目,非親族を含む世帯,16
博多駅東１丁目,単独世帯,670
博多駅東２丁目,夫婦のみの世帯,20
博多駅東２丁目,夫婦と子供から成る世帯,21
博多駅東２丁目,その他の核家族世帯,15
博多駅東２丁目,核家族以外の世帯,3
博多駅東２丁目,非親族を含む世帯,6
博多駅東２丁目,単独世帯,333
博多駅東３丁目,夫婦のみの世帯,47
博多駅東３丁目,夫婦と子供から成る世帯,24
博多駅東３丁目,その他の核家族世帯,27
博多駅東３丁目,核家族以外の世帯,10
博多駅東３丁目,非親族を含む世帯,13
博多駅東３丁目,単独世帯,812
博多駅南１丁目,夫婦のみの世帯,30
博多駅南１丁目,夫婦と子供から成る世帯,31
博多駅南１丁目,その他の核家族世帯,16
博多駅南１丁目,核家族以外の世帯,12
博多駅南１丁目,非親族を含む世帯,11
博多駅南１丁目,単独世帯,978
博多駅南２丁目,夫婦のみの世帯,142
博多駅南２丁目,夫婦と子供から成る世帯,180
博多駅南２丁目,その他の核家族世帯,61
博多駅南２丁目,核家族以外の世帯,42
博多駅南２丁目,非親族を含む世帯,22
博多駅南２丁目,単独世帯,1539
博多駅南３丁目,夫婦のみの世帯,194
博多駅南３丁目,夫婦と子供から成る世帯,200
博多駅南３丁目,その他の核家族世帯,107
博多駅南３丁目,核家族以外の世帯,62
博多駅南３丁目,非親族を含む世帯,39
博多駅南３丁目,単独世帯,2419
博多駅南４丁目,夫婦のみの世帯,107
博多駅南４丁目,夫婦と子供から成る世帯,121
博多駅南４丁目,その他の核家族世帯,64
博多駅南４丁目,核家族以外の世帯,27
博多駅南４丁目,非親族を含む世帯,17
博多駅南４丁目,単独世帯,630
博多駅南５丁目,夫婦のみの世帯,130
博多駅南５丁目,夫婦と子供から成る世帯,153
博多駅南５丁目,その他の核家族世帯,66
博多駅南５丁目,核家族以外の世帯,50
博多駅南５丁目,非親族を含む世帯,20
博多駅南５丁目,単独世帯,1311
博多駅南６丁目,夫婦のみの世帯,107
博多駅南６丁目,夫婦と子供から成る世帯,159
博多駅南６丁目,その他の核家族世帯,35
博多駅南６丁目,核家族以外の世帯,19
博多駅南６丁目,非親族を含む世帯,12
博多駅南６丁目,単独世帯,411
山王１丁目,夫婦のみの世帯,94
山王１丁目,夫婦と子供から成る世帯,149
山王１丁目,その他の核家族世帯,54
山王１丁目,核家族以外の世帯,22
山王１丁目,非親族を含む世帯,15
山王１丁目,単独世帯,406
山王２丁目,夫婦のみの世帯,34
山王２丁目,夫婦と子供から成る世帯,46
山王２丁目,その他の核家族世帯,15
山王２丁目,核家族以外の世帯,8
山王２丁目,非親族を含む世帯,11
山王２丁目,単独世帯,232
比恵町,夫婦のみの世帯,228
比恵町,夫婦と子供から成る世帯,178
比恵町,その他の核家族世帯,81
比恵町,核家族以外の世帯,56
比恵町,非親族を含む世帯,40
比恵町,単独世帯,1978
美野島１丁目,夫婦のみの世帯,82
美野島１丁目,夫婦と子供から成る世帯,103
美野島１丁目,その他の核家族世帯,66
美野島１丁目,核家族以外の世帯,46
美野島１丁目,非親族を含む世帯,16
美野島１丁目,単独世帯,1302
美野島２丁目,夫婦のみの世帯,135
美野島２丁目,夫婦と子供から成る世帯,162
美野島２丁目,その他の核家族世帯,99
美野島２丁目,核家族以外の世帯,60
美野島２丁目,非親族を含む世帯,47
美野島２丁目,単独世帯,1957
美野島３丁目,夫婦のみの世帯,187
美野島３丁目,夫婦と子供から成る世帯,247
美野島３丁目,その他の核家族世帯,103
美野島３丁目,核家族以外の世帯,51
美野島３丁目,非親族を含む世帯,42
美野島３丁目,単独世帯,1326
美野島４丁目,夫婦のみの世帯,208
美野島４丁目,夫婦と子供から成る世帯,325
美野島４丁目,その他の核家族世帯,69
美野島４丁目,核家族以外の世帯,28
美野島４丁目,非親族を含む世帯,9
美野島４丁目,単独世帯,218
住吉１丁目,夫婦のみの世帯,0
住吉１丁目,夫婦と子供から成る世帯,1
住吉１丁目,その他の核家族世帯,3
住吉１丁目,核家族以外の世帯,3
住吉１丁目,非親族を含む世帯,0
住吉１丁目,単独世帯,25
住吉２丁目,夫婦のみの世帯,87
住吉２丁目,夫婦と子供から成る世帯,61
住吉２丁目,その他の核家族世帯,51
住吉２丁目,核家族以外の世帯,31
住吉２丁目,非親族を含む世帯,31
住吉２丁目,単独世帯,1477
住吉３丁目,夫婦のみの世帯,78
住吉３丁目,夫婦と子供から成る世帯,43
住吉３丁目,その他の核家族世帯,38
住吉３丁目,核家族以外の世帯,31
住吉３丁目,非親族を含む世帯,25
住吉３丁目,単独世帯,1234
住吉４丁目,夫婦のみの世帯,126
住吉４丁目,夫婦と子供から成る世帯,92
住吉４丁目,その他の核家族世帯,69
住吉４丁目,核家族以外の世帯,44
住吉４丁目,非親族を含む世帯,29
住吉４丁目,単独世帯,1425
住吉５丁目,夫婦のみの世帯,125
住吉５丁目,夫婦と子供から成る世帯,124
住吉５丁目,その他の核家族世帯,86
住吉５丁目,核家族以外の世帯,54
住吉５丁目,非親族を含む世帯,26
住吉５丁目,単独世帯,1288
上川端町,夫婦のみの世帯,46
上川端町,夫婦と子供から成る世帯,33
上川端町,その他の核家族世帯,26
上川端町,核家族以外の世帯,16
上川端町,非親族を含む世帯,4
上川端町,単独世帯,260
下川端町,夫婦のみの世帯,15
下川端町,夫婦と子供から成る世帯,16
下川端町,その他の核家族世帯,9
下川端町,核家族以外の世帯,3
下川端町,非親族を含む世帯,5
下川端町,単独世帯,119
店屋町,夫婦のみの世帯,41
店屋町,夫婦と子供から成る世帯,35
店屋町,その他の核家族世帯,18
店屋町,核家族以外の世帯,9
店屋町,非親族を含む世帯,7
店屋町,単独世帯,384
冷泉町,夫婦のみの世帯,76
冷泉町,夫婦と子供から成る世帯,60
冷泉町,その他の核家族世帯,39
冷泉町,核家族以外の世帯,26
冷泉町,非親族を含む世帯,13
冷泉町,単独世帯,917
祇園町,夫婦のみの世帯,52
祇園町,夫婦と子供から成る世帯,44
祇園町,その他の核家族世帯,50
祇園町,核家族以外の世帯,17
祇園町,非親族を含む世帯,26
祇園町,単独世帯,672
中洲１丁目,夫婦のみの世帯,0
中洲１丁目,夫婦と子供から成る世帯,0
中洲１丁目,その他の核家族世帯,1
中洲１丁目,核家族以外の世帯,0
中洲１丁目,非親族を含む世帯,0
中洲１丁目,単独世帯,2
中洲２丁目,夫婦のみの世帯,1
中洲２丁目,夫婦と子供から成る世帯,2
中洲２丁目,その他の核家族世帯,1
中洲２丁目,核家族以外の世帯,1
中洲２丁目,非親族を含む世帯,0
中洲２丁目,単独世帯,60
中洲３丁目,夫婦のみの世帯,2
中洲３丁目,夫婦と子供から成る世帯,1
中洲３丁目,その他の核家族世帯,2
中洲３丁目,核家族以外の世帯,1
中洲３丁目,非親族を含む世帯,0
中洲３丁目,単独世帯,3
中洲４丁目,夫婦のみの世帯,1
中洲４丁目,夫婦と子供から成る世帯,3
中洲４丁目,その他の核家族世帯,2
中洲４丁目,核家族以外の世帯,1
中洲４丁目,非親族を含む世帯,0
中洲４丁目,単独世帯,3
中洲５丁目,夫婦のみの世帯,13
中洲５丁目,夫婦と子供から成る世帯,3
中洲５丁目,その他の核家族世帯,4
中洲５丁目,核家族以外の世帯,1
中洲５丁目,非親族を含む世帯,4
中洲５丁目,単独世帯,504
中洲中島町,夫婦のみの世帯,28
中洲中島町,夫婦と子供から成る世帯,12
中洲中島町,その他の核家族世帯,9
中洲中島町,核家族以外の世帯,6
中洲中島町,非親族を含む世帯,6
中洲中島町,単独世帯,269
古門戸町,夫婦のみの世帯,43
古門戸町,夫婦と子供から成る世帯,57
古門戸町,その他の核家族世帯,31
古門戸町,核家族以外の世帯,22
古門戸町,非親族を含む世帯,4
古門戸町,単独世帯,493
対馬小路,夫婦のみの世帯,76
対馬小路,夫婦と子供から成る世帯,113
対馬小路,その他の核家族世帯,40
対馬小路,核家族以外の世帯,34
対馬小路,非親族を含む世帯,11
対馬小路,単独世帯,642
築港本町,夫婦のみの世帯,85
築港本町,夫婦と子供から成る世帯,70
築港本町,その他の核家族世帯,43
築港本町,核家族以外の世帯,19
築港本町,非親族を含む世帯,35
築港本町,単独世帯,1145
奈良屋町,夫婦のみの世帯,86
奈良屋町,夫婦と子供から成る世帯,109
奈良屋町,その他の核家族世帯,52
奈良屋町,核家族以外の世帯,42
奈良屋町,非親族を含む世帯,7
奈良屋町,単独世帯,539
神屋町,夫婦のみの世帯,76
神屋町,夫婦と子供から成る世帯,67
神屋町,その他の核家族世帯,42
神屋町,核家族以外の世帯,27
神屋町,非親族を含む世帯,23
神屋町,単独世帯,1190
須崎町,夫婦のみの世帯,54
須崎町,夫婦と子供から成る世帯,49
須崎町,その他の核家族世帯,32
須崎町,核家族以外の世帯,11
須崎町,非親族を含む世帯,7
須崎町,単独世帯,549
綱場町,夫婦のみの世帯,20
綱場町,夫婦と子供から成る世帯,13
綱場町,その他の核家族世帯,13
綱場町,核家族以外の世帯,11
綱場町,非親族を含む世帯,7
綱場町,単独世帯,408
石城町,夫婦のみの世帯,39
石城町,夫婦と子供から成る世帯,40
石城町,その他の核家族世帯,27
石城町,核家族以外の世帯,11
石城町,非親族を含む世帯,5
石城町,単独世帯,674
上呉服町,夫婦のみの世帯,58
上呉服町,夫婦と子供から成る世帯,86
上呉服町,その他の核家族世帯,37
上呉服町,核家族以外の世帯,34
上呉服町,非親族を含む世帯,6
上呉服町,単独世帯,513
中呉服町,夫婦のみの世帯,36
中呉服町,夫婦と子供から成る世帯,23
中呉服町,その他の核家族世帯,18
中呉服町,核家族以外の世帯,12
中呉服町,非親族を含む世帯,11
中呉服町,単独世帯,804
下呉服町,夫婦のみの世帯,70
下呉服町,夫婦と子供から成る世帯,90
下呉服町,その他の核家族世帯,55
下呉服町,核家族以外の世帯,33
下呉服町,非親族を含む世帯,4
下呉服町,単独世帯,981
大博町,夫婦のみの世帯,67
大博町,夫婦と子供から成る世帯,82
大博町,その他の核家族世帯,52
大博町,核家族以外の世帯,33
大博町,非親族を含む世帯,15
大博町,単独世帯,681
御供所町,夫婦のみの世帯,51
御供所町,夫婦と子供から成る世帯,60
御供所町,その他の核家族世帯,28
御供所町,核家族以外の世帯,24
御供所町,非親族を含む世帯,12
御供所町,単独世帯,513
千代１丁目,夫婦のみの世帯,216
千代１丁目,夫婦と子供から成る世帯,150
千代１丁目,その他の核家族世帯,126
千代１丁目,核家族以外の世帯,75
千代１丁目,非親族を含む世帯,34
千代１丁目,単独世帯,1458
千代２丁目,夫婦のみの世帯,59
千代２丁目,夫婦と子供から成る世帯,34
千代２丁目,その他の核家族世帯,49
千代２丁目,核家族以外の世帯,16
千代２丁目,非親族を含む世帯,11
千代２丁目,単独世帯,907
千代３丁目,夫婦のみの世帯,156
千代３丁目,夫婦と子供から成る世帯,126
千代３丁目,その他の核家族世帯,116
千代３丁目,核家族以外の世帯,42
千代３丁目,非親族を含む世帯,24
千代３丁目,単独世帯,987
千代４丁目,夫婦のみの世帯,57
千代４丁目,夫婦と子供から成る世帯,36
千代４丁目,その他の核家族世帯,49
千代４丁目,核家族以外の世帯,32
千代４丁目,非親族を含む世帯,18
千代４丁目,単独世帯,1360
千代５丁目,夫婦のみの世帯,113
千代５丁目,夫婦と子供から成る世帯,106
千代５丁目,その他の核家族世帯,87
千代５丁目,核家族以外の世帯,34
千代５丁目,非親族を含む世帯,10
千代５丁目,単独世帯,645
千代６丁目,夫婦のみの世帯,26
千代６丁目,夫婦と子供から成る世帯,16
千代６丁目,その他の核家族世帯,25
千代６丁目,核家族以外の世帯,6
千代６丁目,非親族を含む世帯,4
千代６丁目,単独世帯,490
東公園,夫婦のみの世帯,13
東公園,夫婦と子供から成る世帯,11
東公園,その他の核家族世帯,5
東公園,核家族以外の世帯,6
東公園,非親族を含む世帯,2
東公園,単独世帯,196
吉塚本町,夫婦のみの世帯,100
吉塚本町,夫婦と子供から成る世帯,124
吉塚本町,その他の核家族世帯,31
吉塚本町,核家族以外の世帯,19
吉塚本町,非親族を含む世帯,21
吉塚本町,単独世帯,469
吉塚１丁目,夫婦のみの世帯,179
吉塚１丁目,夫婦と子供から成る世帯,182
吉塚１丁目,その他の核家族世帯,132
吉塚１丁目,核家族以外の世帯,67
吉塚１丁目,非親族を含む世帯,24
吉塚１丁目,単独世帯,1101
吉塚２丁目,夫婦のみの世帯,142
吉塚２丁目,夫婦と子供から成る世帯,200
吉塚２丁目,その他の核家族世帯,79
吉塚２丁目,核家族以外の世帯,52
吉塚２丁目,非親族を含む世帯,15
吉塚２丁目,単独世帯,723
吉塚３丁目,夫婦のみの世帯,118
吉塚３丁目,夫婦と子供から成る世帯,148
吉塚３丁目,その他の核家族世帯,87
吉塚３丁目,核家族以外の世帯,38
吉塚３丁目,非親族を含む世帯,11
吉塚３丁目,単独世帯,593
吉塚４丁目,夫婦のみの世帯,207
吉塚４丁目,夫婦と子供から成る世帯,353
吉塚４丁目,その他の核家族世帯,122
吉塚４丁目,核家族以外の世帯,58
吉塚４丁目,非親族を含む世帯,29
吉塚４丁目,単独世帯,640
吉塚５丁目,夫婦のみの世帯,122
吉塚５丁目,夫婦と子供から成る世帯,209
吉塚５丁目,その他の核家族世帯,72
吉塚５丁目,核家族以外の世帯,47
吉塚５丁目,非親族を含む世帯,10
吉塚５丁目,単独世帯,441
吉塚６丁目,夫婦のみの世帯,190
吉塚６丁目,夫婦と子供から成る世帯,250
吉塚６丁目,その他の核家族世帯,103
吉塚６丁目,核家族以外の世帯,41
吉塚６丁目,非親族を含む世帯,15
吉塚６丁目,単独世帯,986
吉塚７丁目,夫婦のみの世帯,154
吉塚７丁目,夫婦と子供から成る世帯,199
吉塚７丁目,その他の核家族世帯,73
吉塚７丁目,核家族以外の世帯,43
吉塚７丁目,非親族を含む世帯,11
吉塚７丁目,単独世帯,608
吉塚８丁目,夫婦のみの世帯,30
吉塚８丁目,夫婦と子供から成る世帯,47
吉塚８丁目,その他の核家族世帯,22
吉塚８丁目,核家族以外の世帯,11
吉塚８丁目,非親族を含む世帯,11
吉塚８丁目,単独世帯,159
豊１丁目,夫婦のみの世帯,73
豊１丁目,夫婦と子供から成る世帯,71
豊１丁目,その他の核家族世帯,24
豊１丁目,核家族以外の世帯,21
豊１丁目,非親族を含む世帯,16
豊１丁目,単独世帯,520
豊２丁目,夫婦のみの世帯,55
豊２丁目,夫婦と子供から成る世帯,54
豊２丁目,その他の核家族世帯,10
豊２丁目,核家族以外の世帯,9
豊２丁目,非親族を含む世帯,20
豊２丁目,単独世帯,285
榎田１丁目,夫婦のみの世帯,51
榎田１丁目,夫婦と子供から成る世帯,76
榎田１丁目,その他の核家族世帯,7
榎田１丁目,核家族以外の世帯,19
榎田１丁目,非親族を含む世帯,10
榎田１丁目,単独世帯,407
榎田２丁目,夫婦のみの世帯,4
榎田２丁目,夫婦と子供から成る世帯,3
榎田２丁目,その他の核家族世帯,0
榎田２丁目,核家族以外の世帯,0
榎田２丁目,非親族を含む世帯,0
榎田２丁目,単独世帯,23
堅粕１丁目,夫婦のみの世帯,81
堅粕１丁目,夫婦と子供から成る世帯,79
堅粕１丁目,その他の核家族世帯,63
堅粕１丁目,核家族以外の世帯,17
堅粕１丁目,非親族を含む世帯,1
堅粕１丁目,単独世帯,403
堅粕２丁目,夫婦のみの世帯,73
堅粕２丁目,夫婦と子供から成る世帯,73
堅粕２丁目,その他の核家族世帯,46
堅粕２丁目,核家族以外の世帯,17
堅粕２丁目,非親族を含む世帯,6
堅粕２丁目,単独世帯,406
堅粕３丁目,夫婦のみの世帯,77
堅粕３丁目,夫婦と子供から成る世帯,75
堅粕３丁目,その他の核家族世帯,54
堅粕３丁目,核家族以外の世帯,42
堅粕３丁目,非親族を含む世帯,14
堅粕３丁目,単独世帯,655
堅粕４丁目,夫婦のみの世帯,68
堅粕４丁目,夫婦と子供から成る世帯,81
堅粕４丁目,その他の核家族世帯,44
堅粕４丁目,核家族以外の世帯,37
堅粕４丁目,非親族を含む世帯,12
堅粕４丁目,単独世帯,822
堅粕５丁目,夫婦のみの世帯,24
堅粕５丁目,夫婦と子供から成る世帯,15
堅粕５丁目,その他の核家族世帯,7
堅粕５丁目,核家族以外の世帯,8
堅粕５丁目,非親族を含む世帯,9
堅粕５丁目,単独世帯,372
東光１丁目,夫婦のみの世帯,11
東光１丁目,夫婦と子供から成る世帯,0
東光１丁目,その他の核家族世帯,2
東光１丁目,核家族以外の世帯,1
東光１丁目,非親族を含む世帯,4
東光１丁目,単独世帯,151
東光２丁目,夫婦のみの世帯,71
東光２丁目,夫婦と子供から成る世帯,68
東光２丁目,その他の核家族世帯,39
東光２丁目,核家族以外の世帯,20
東光２丁目,非親族を含む世帯,11
東光２丁目,単独世帯,360
東比恵１丁目,夫婦のみの世帯,11
東比恵１丁目,夫婦と子供から成る世帯,5
東比恵１丁目,その他の核家族世帯,7
東比恵１丁目,核家族以外の世帯,2
東比恵１丁目,非親族を含む世帯,1
東比恵１丁目,単独世帯,123
東比恵２丁目,夫婦のみの世帯,53
東比恵２丁目,夫婦と子供から成る世帯,40
東比恵２丁目,その他の核家族世帯,29
東比恵２丁目,核家族以外の世帯,10
東比恵２丁目,非親族を含む世帯,4
東比恵２丁目,単独世帯,584
東比恵３丁目,夫婦のみの世帯,142
東比恵３丁目,夫婦と子供から成る世帯,155
東比恵３丁目,その他の核家族世帯,49
東比恵３丁目,核家族以外の世帯,19
東比恵３丁目,非親族を含む世帯,17
東比恵３丁目,単独世帯,722
東比恵４丁目,夫婦のみの世帯,58
東比恵４丁目,夫婦と子供から成る世帯,74
東比恵４丁目,その他の核家族世帯,35
東比恵４丁目,核家族以外の世帯,16
東比恵４丁目,非親族を含む世帯,6
東比恵４丁目,単独世帯,302
上牟田１丁目,夫婦のみの世帯,56
上牟田１丁目,夫婦と子供から成る世帯,96
上牟田１丁目,その他の核家族世帯,25
上牟田１丁目,核家族以外の世帯,17
上牟田１丁目,非親族を含む世帯,9
上牟田１丁目,単独世帯,364
上牟田２丁目,夫婦のみの世帯,10
上牟田２丁目,夫婦と子供から成る世帯,13
上牟田２丁目,その他の核家族世帯,3
上牟田２丁目,核家族以外の世帯,8
上牟田２丁目,非親族を含む世帯,1
上牟田２丁目,単独世帯,33
上牟田３丁目,夫婦のみの世帯,46
上牟田３丁目,夫婦と子供から成る世帯,54
上牟田３丁目,その他の核家族世帯,43
上牟田３丁目,核家族以外の世帯,24
上牟田３丁目,非親族を含む世帯,3
上牟田３丁目,単独世帯,162
大井１丁目,夫婦のみの世帯,2
大井１丁目,夫婦と子供から成る世帯,1
大井１丁目,その他の核家族世帯,2
大井１丁目,核家族以外の世帯,1
大井１丁目,非親族を含む世帯,1
大井１丁目,単独世帯,4
大井２丁目,夫婦のみの世帯,21
大井２丁目,夫婦と子供から成る世帯,31
大井２丁目,その他の核家族世帯,15
大井２丁目,核家族以外の世帯,4
大井２丁目,非親族を含む世帯,5
大井２丁目,単独世帯,74
大字下臼井,夫婦のみの世帯,0
大字下臼井,夫婦と子供から成る世帯,0
大字下臼井,その他の核家族世帯,0
大字下臼井,核家族以外の世帯,0
大字下臼井,非親族を含む世帯,0
大字下臼井,単独世帯,0
大字下月隈,夫婦のみの世帯,0
大字下月隈,夫婦と子供から成る世帯,0
大字下月隈,その他の核家族世帯,0
大字下月隈,核家族以外の世帯,0
大字下月隈,非親族を含む世帯,0
大字下月隈,単独世帯,0
大字立花寺,夫婦のみの世帯,9
大字立花寺,夫婦と子供から成る世帯,29
大字立花寺,その他の核家族世帯,8
大字立花寺,核家族以外の世帯,9
大字立花寺,非親族を含む世帯,0
大字立花寺,単独世帯,6
大字金隈,夫婦のみの世帯,0
大字金隈,夫婦と子供から成る世帯,0
大字金隈,その他の核家族世帯,0
大字金隈,核家族以外の世帯,0
大字金隈,非親族を含む世帯,0
大字金隈,単独世帯,0
西月隈１丁目,夫婦のみの世帯,17
西月隈１丁目,夫婦と子供から成る世帯,15
西月隈１丁目,その他の核家族世帯,9
西月隈１丁目,核家族以外の世帯,6
西月隈１丁目,非親族を含む世帯,2
西月隈１丁目,単独世帯,102
西月隈３丁目,夫婦のみの世帯,76
西月隈３丁目,夫婦と子供から成る世帯,150
西月隈３丁目,その他の核家族世帯,36
西月隈３丁目,核家族以外の世帯,12
西月隈３丁目,非親族を含む世帯,6
西月隈３丁目,単独世帯,191
西月隈４丁目,夫婦のみの世帯,0
西月隈４丁目,夫婦と子供から成る世帯,0
西月隈４丁目,その他の核家族世帯,0
西月隈４丁目,核家族以外の世帯,0
西月隈４丁目,非親族を含む世帯,0
西月隈４丁目,単独世帯,0
西月隈５丁目,夫婦のみの世帯,31
西月隈５丁目,夫婦と子供から成る世帯,59
西月隈５丁目,その他の核家族世帯,30
西月隈５丁目,核家族以外の世帯,22
西月隈５丁目,非親族を含む世帯,3
西月隈５丁目,単独世帯,108
西月隈６丁目,夫婦のみの世帯,0
西月隈６丁目,夫婦と子供から成る世帯,4
西月隈６丁目,その他の核家族世帯,1
西月隈６丁目,核家族以外の世帯,1
西月隈６丁目,非親族を含む世帯,2
西月隈６丁目,単独世帯,14
東月隈１丁目,夫婦のみの世帯,76
東月隈１丁目,夫婦と子供から成る世帯,85
東月隈１丁目,その他の核家族世帯,25
東月隈１丁目,核家族以外の世帯,22
東月隈１丁目,非親族を含む世帯,1
東月隈１丁目,単独世帯,38
東月隈２丁目,夫婦のみの世帯,80
東月隈２丁目,夫婦と子供から成る世帯,76
東月隈２丁目,その他の核家族世帯,17
東月隈２丁目,核家族以外の世帯,27
東月隈２丁目,非親族を含む世帯,0
東月隈２丁目,単独世帯,28
東月隈３丁目,夫婦のみの世帯,112
東月隈３丁目,夫婦と子供から成る世帯,119
東月隈３丁目,その他の核家族世帯,38
東月隈３丁目,核家族以外の世帯,35
東月隈３丁目,非親族を含む世帯,1
東月隈３丁目,単独世帯,98
東月隈４丁目,夫婦のみの世帯,155
東月隈４丁目,夫婦と子供から成る世帯,169
東月隈４丁目,その他の核家族世帯,166
東月隈４丁目,核家族以外の世帯,43
東月隈４丁目,非親族を含む世帯,7
東月隈４丁目,単独世帯,262
東月隈５丁目,夫婦のみの世帯,94
東月隈５丁目,夫婦と子供から成る世帯,101
東月隈５丁目,その他の核家族世帯,31
東月隈５丁目,核家族以外の世帯,55
東月隈５丁目,非親族を含む世帯,3
東月隈５丁目,単独世帯,78
浦田１丁目,夫婦のみの世帯,117
浦田１丁目,夫婦と子供から成る世帯,229
浦田１丁目,その他の核家族世帯,70
浦田１丁目,核家族以外の世帯,56
浦田１丁目,非親族を含む世帯,8
浦田１丁目,単独世帯,169
浦田２丁目,夫婦のみの世帯,74
浦田２丁目,夫婦と子供から成る世帯,187
浦田２丁目,その他の核家族世帯,23
浦田２丁目,核家族以外の世帯,28
浦田２丁目,非親族を含む世帯,2
浦田２丁目,単独世帯,102
東那珂１丁目,夫婦のみの世帯,109
東那珂１丁目,夫婦と子供から成る世帯,251
東那珂１丁目,その他の核家族世帯,53
東那珂１丁目,核家族以外の世帯,31
東那珂１丁目,非親族を含む世帯,12
東那珂１丁目,単独世帯,327
東那珂２丁目,夫婦のみの世帯,94
東那珂２丁目,夫婦と子供から成る世帯,181
東那珂２丁目,その他の核家族世帯,46
東那珂２丁目,核家族以外の世帯,30
東那珂２丁目,非親族を含む世帯,9
東那珂２丁目,単独世帯,253
東那珂３丁目,夫婦のみの世帯,85
東那珂３丁目,夫婦と子供から成る世帯,190
東那珂３丁目,その他の核家族世帯,60
東那珂３丁目,核家族以外の世帯,43
東那珂３丁目,非親族を含む世帯,8
東那珂３丁目,単独世帯,154
半道橋１丁目,夫婦のみの世帯,127
半道橋１丁目,夫婦と子供から成る世帯,218
半道橋１丁目,その他の核家族世帯,65
半道橋１丁目,核家族以外の世帯,41
半道橋１丁目,非親族を含む世帯,9
半道橋１丁目,単独世帯,251
半道橋２丁目,夫婦のみの世帯,19
半道橋２丁目,夫婦と子供から成る世帯,14
半道橋２丁目,その他の核家族世帯,9
半道橋２丁目,核家族以外の世帯,10
半道橋２丁目,非親族を含む世帯,3
半道橋２丁目,単独世帯,54
竹下１丁目,夫婦のみの世帯,54
竹下１丁目,夫婦と子供から成る世帯,76
竹下１丁目,その他の核家族世帯,19
竹下１丁目,核家族以外の世帯,7
竹下１丁目,非親族を含む世帯,5
竹下１丁目,単独世帯,357
竹下２丁目,夫婦のみの世帯,29
竹下２丁目,夫婦と子供から成る世帯,18
竹下２丁目,その他の核家族世帯,6
竹下２丁目,核家族以外の世帯,5
竹下２丁目,非親族を含む世帯,6
竹下２丁目,単独世帯,296
竹下３丁目,夫婦のみの世帯,0
竹下３丁目,夫婦と子供から成る世帯,0
竹下３丁目,その他の核家族世帯,0
竹下３丁目,核家族以外の世帯,0
竹下３丁目,非親族を含む世帯,0
竹下３丁目,単独世帯,0
竹下４丁目,夫婦のみの世帯,71
竹下４丁目,夫婦と子供から成る世帯,59
竹下４丁目,その他の核家族世帯,48
竹下４丁目,核家族以外の世帯,14
竹下４丁目,非親族を含む世帯,10
竹下４丁目,単独世帯,494
竹下５丁目,夫婦のみの世帯,90
竹下５丁目,夫婦と子供から成る世帯,155
竹下５丁目,その他の核家族世帯,33
竹下５丁目,核家族以外の世帯,23
竹下５丁目,非親族を含む世帯,5
竹下５丁目,単独世帯,408
東光寺町１丁目,夫婦のみの世帯,65
東光寺町１丁目,夫婦と子供から成る世帯,71
東光寺町１丁目,その他の核家族世帯,18
東光寺町１丁目,核家族以外の世帯,20
東光寺町１丁目,非親族を含む世帯,14
東光寺町１丁目,単独世帯,181
東光寺町２丁目,夫婦のみの世帯,44
東光寺町２丁目,夫婦と子供から成る世帯,100
東光寺町２丁目,その他の核家族世帯,29
東光寺町２丁目,核家族以外の世帯,6
東光寺町２丁目,非親族を含む世帯,1
東光寺町２丁目,単独世帯,85
那珂１丁目,夫婦のみの世帯,116
那珂１丁目,夫婦と子供から成る世帯,195
那珂１丁目,その他の核家族世帯,65
那珂１丁目,核家族以外の世帯,48
那珂１丁目,非親族を含む世帯,10
那珂１丁目,単独世帯,516
那珂２丁目,夫婦のみの世帯,97
那珂２丁目,夫婦と子供から成る世帯,157
那珂２丁目,その他の核家族世帯,41
那珂２丁目,核家族以外の世帯,26
那珂２丁目,非親族を含む世帯,3
那珂２丁目,単独世帯,242
那珂３丁目,夫婦のみの世帯,112
那珂３丁目,夫婦と子供から成る世帯,249
那珂３丁目,その他の核家族世帯,118
那珂３丁目,核家族以外の世帯,36
那珂３丁目,非親族を含む世帯,11
那珂３丁目,単独世帯,254
那珂４丁目,夫婦のみの世帯,84
那珂４丁目,夫婦と子供から成る世帯,228
那珂４丁目,その他の核家族世帯,62
那珂４丁目,核家族以外の世帯,32
那珂４丁目,非親族を含む世帯,4
那珂４丁目,単独世帯,198
那珂５丁目,夫婦のみの世帯,66
那珂５丁目,夫婦と子供から成る世帯,126
那珂５丁目,その他の核家族世帯,46
那珂５丁目,核家族以外の世帯,21
那珂５丁目,非親族を含む世帯,5
那珂５丁目,単独世帯,206
那珂６丁目,夫婦のみの世帯,58
那珂６丁目,夫婦と子供から成る世帯,124
那珂６丁目,その他の核家族世帯,25
那珂６丁目,核家族以外の世帯,17
那珂６丁目,非親族を含む世帯,0
那珂６丁目,単独世帯,228
板付１丁目,夫婦のみの世帯,33
板付１丁目,夫婦と子供から成る世帯,56
板付１丁目,その他の核家族世帯,11
板付１丁目,核家族以外の世帯,9
板付１丁目,非親族を含む世帯,3
板付１丁目,単独世帯,84
板付２丁目,夫婦のみの世帯,64
板付２丁目,夫婦と子供から成る世帯,129
板付２丁目,その他の核家族世帯,31
板付２丁目,核家族以外の世帯,32
板付２丁目,非親族を含む世帯,4
板付２丁目,単独世帯,112
板付３丁目,夫婦のみの世帯,301
板付３丁目,夫婦と子供から成る世帯,357
板付３丁目,その他の核家族世帯,285
板付３丁目,核家族以外の世帯,76
板付３丁目,非親族を含む世帯,7
板付３丁目,単独世帯,557
板付４丁目,夫婦のみの世帯,116
板付４丁目,夫婦と子供から成る世帯,164
板付４丁目,その他の核家族世帯,83
板付４丁目,核家族以外の世帯,22
板付４丁目,非親族を含む世帯,6
板付４丁目,単独世帯,315
板付５丁目,夫婦のみの世帯,79
板付５丁目,夫婦と子供から成る世帯,182
板付５丁目,その他の核家族世帯,54
板付５丁目,核家族以外の世帯,29
板付５丁目,非親族を含む世帯,5
板付５丁目,単独世帯,286
板付６丁目,夫婦のみの世帯,47
板付６丁目,夫婦と子供から成る世帯,87
板付６丁目,その他の核家族世帯,21
板付６丁目,核家族以外の世帯,11
板付６丁目,非親族を含む世帯,3
板付６丁目,単独世帯,106
板付７丁目,夫婦のみの世帯,161
板付７丁目,夫婦と子供から成る世帯,306
板付７丁目,その他の核家族世帯,118
板付７丁目,核家族以外の世帯,34
板付７丁目,非親族を含む世帯,13
板付７丁目,単独世帯,359
大字板付,夫婦のみの世帯,10
大字板付,夫婦と子供から成る世帯,16
大字板付,その他の核家族世帯,6
大字板付,核家族以外の世帯,4
大字板付,非親族を含む世帯,0
大字板付,単独世帯,9
諸岡１丁目,夫婦のみの世帯,64
諸岡１丁目,夫婦と子供から成る世帯,126
諸岡１丁目,その他の核家族世帯,36
諸岡１丁目,核家族以外の世帯,35
諸岡１丁目,非親族を含む世帯,0
諸岡１丁目,単独世帯,77
諸岡２丁目,夫婦のみの世帯,89
諸岡２丁目,夫婦と子供から成る世帯,126
諸岡２丁目,その他の核家族世帯,46
諸岡２丁目,核家族以外の世帯,14
諸岡２丁目,非親族を含む世帯,9
諸岡２丁目,単独世帯,193
諸岡３丁目,夫婦のみの世帯,218
諸岡３丁目,夫婦と子供から成る世帯,506
諸岡３丁目,その他の核家族世帯,120
諸岡３丁目,核家族以外の世帯,75
諸岡３丁目,非親族を含む世帯,14
諸岡３丁目,単独世帯,694
諸岡４丁目,夫婦のみの世帯,146
諸岡４丁目,夫婦と子供から成る世帯,160
諸岡４丁目,その他の核家族世帯,73
諸岡４丁目,核家族以外の世帯,57
諸岡４丁目,非親族を含む世帯,17
諸岡４丁目,単独世帯,380
諸岡５丁目,夫婦のみの世帯,136
諸岡５丁目,夫婦と子供から成る世帯,215
諸岡５丁目,その他の核家族世帯,62
諸岡５丁目,核家族以外の世帯,41
諸岡５丁目,非親族を含む世帯,6
諸岡５丁目,単独世帯,427
諸岡６丁目,夫婦のみの世帯,109
諸岡６丁目,夫婦と子供から成る世帯,154
諸岡６丁目,その他の核家族世帯,42
諸岡６丁目,核家族以外の世帯,32
諸岡６丁目,非親族を含む世帯,12
諸岡６丁目,単独世帯,267
麦野１丁目,夫婦のみの世帯,73
麦野１丁目,夫婦と子供から成る世帯,84
麦野１丁目,その他の核家族世帯,32
麦野１丁目,核家族以外の世帯,38
麦野１丁目,非親族を含む世帯,3
麦野１丁目,単独世帯,152
麦野２丁目,夫婦のみの世帯,85
麦野２丁目,夫婦と子供から成る世帯,143
麦野２丁目,その他の核家族世帯,49
麦野２丁目,核家族以外の世帯,18
麦野２丁目,非親族を含む世帯,3
麦野２丁目,単独世帯,107
麦野３丁目,夫婦のみの世帯,45
麦野３丁目,夫婦と子供から成る世帯,105
麦野３丁目,その他の核家族世帯,24
麦野３丁目,核家族以外の世帯,17
麦野３丁目,非親族を含む世帯,3
麦野３丁目,単独世帯,141
麦野４丁目,夫婦のみの世帯,123
麦野４丁目,夫婦と子供から成る世帯,161
麦野４丁目,その他の核家族世帯,78
麦野４丁目,核家族以外の世帯,34
麦野４丁目,非親族を含む世帯,11
麦野４丁目,単独世帯,530
麦野５丁目,夫婦のみの世帯,133
麦野５丁目,夫婦と子供から成る世帯,176
麦野５丁目,その他の核家族世帯,88
麦野５丁目,核家族以外の世帯,44
麦野５丁目,非親族を含む世帯,9
麦野５丁目,単独世帯,345
麦野６丁目,夫婦のみの世帯,82
麦野６丁目,夫婦と子供から成る世帯,98
麦野６丁目,その他の核家族世帯,51
麦野６丁目,核家族以外の世帯,37
麦野６丁目,非親族を含む世帯,10
麦野６丁目,単独世帯,497
井相田１丁目,夫婦のみの世帯,8
井相田１丁目,夫婦と子供から成る世帯,33
井相田１丁目,その他の核家族世帯,7
井相田１丁目,核家族以外の世帯,0
井相田１丁目,非親族を含む世帯,1
井相田１丁目,単独世帯,22
井相田２丁目,夫婦のみの世帯,22
井相田２丁目,夫婦と子供から成る世帯,78
井相田２丁目,その他の核家族世帯,9
井相田２丁目,核家族以外の世帯,5
井相田２丁目,非親族を含む世帯,2
井相田２丁目,単独世帯,71
井相田３丁目,夫婦のみの世帯,106
井相田３丁目,夫婦と子供から成る世帯,147
井相田３丁目,その他の核家族世帯,23
井相田３丁目,核家族以外の世帯,29
井相田３丁目,非親族を含む世帯,12
井相田３丁目,単独世帯,248
三筑１丁目,夫婦のみの世帯,63
三筑１丁目,夫婦と子供から成る世帯,179
三筑１丁目,その他の核家族世帯,34
三筑１丁目,核家族以外の世帯,19
三筑１丁目,非親族を含む世帯,5
三筑１丁目,単独世帯,104
三筑２丁目,夫婦のみの世帯,118
三筑２丁目,夫婦と子供から成る世帯,234
三筑２丁目,その他の核家族世帯,82
三筑２丁目,核家族以外の世帯,37
三筑２丁目,非親族を含む世帯,9
三筑２丁目,単独世帯,422
相生町１丁目,夫婦のみの世帯,46
相生町１丁目,夫婦と子供から成る世帯,89
相生町１丁目,その他の核家族世帯,25
相生町１丁目,核家族以外の世帯,4
相生町１丁目,非親族を含む世帯,1
相生町１丁目,単独世帯,33
相生町２丁目,夫婦のみの世帯,39
相生町２丁目,夫婦と子供から成る世帯,51
相生町２丁目,その他の核家族世帯,13
相生町２丁目,核家族以外の世帯,10
相生町２丁目,非親族を含む世帯,3
相生町２丁目,単独世帯,224
相生町３丁目,夫婦のみの世帯,59
相生町３丁目,夫婦と子供から成る世帯,87
相生町３丁目,その他の核家族世帯,47
相生町３丁目,核家族以外の世帯,16
相生町３丁目,非親族を含む世帯,8
相生町３丁目,単独世帯,201
銀天町１丁目,夫婦のみの世帯,20
銀天町１丁目,夫婦と子供から成る世帯,37
銀天町１丁目,その他の核家族世帯,14
銀天町１丁目,核家族以外の世帯,4
銀天町１丁目,非親族を含む世帯,0
銀天町１丁目,単独世帯,56
銀天町２丁目,夫婦のみの世帯,19
銀天町２丁目,夫婦と子供から成る世帯,19
銀天町２丁目,その他の核家族世帯,7
銀天町２丁目,核家族以外の世帯,2
銀天町２丁目,非親族を含む世帯,2
銀天町２丁目,単独世帯,109
銀天町３丁目,夫婦のみの世帯,17
銀天町３丁目,夫婦と子供から成る世帯,15
銀天町３丁目,その他の核家族世帯,9
銀天町３丁目,核家族以外の世帯,5
銀天町３丁目,非親族を含む世帯,4
銀天町３丁目,単独世帯,167
寿町１丁目,夫婦のみの世帯,18
寿町１丁目,夫婦と子供から成る世帯,17
寿町１丁目,その他の核家族世帯,1
寿町１丁目,核家族以外の世帯,0
寿町１丁目,非親族を含む世帯,0
寿町１丁目,単独世帯,5
寿町２丁目,夫婦のみの世帯,71
寿町２丁目,夫婦と子供から成る世帯,65
寿町２丁目,その他の核家族世帯,23
寿町２丁目,核家族以外の世帯,12
寿町２丁目,非親族を含む世帯,7
寿町２丁目,単独世帯,404
寿町３丁目,夫婦のみの世帯,58
寿町３丁目,夫婦と子供から成る世帯,82
寿町３丁目,その他の核家族世帯,31
寿町３丁目,核家族以外の世帯,11
寿町３丁目,非親族を含む世帯,4
寿町３丁目,単独世帯,249
昭南町１丁目,夫婦のみの世帯,27
昭南町１丁目,夫婦と子供から成る世帯,37
昭南町１丁目,その他の核家族世帯,16
昭南町１丁目,核家族以外の世帯,5
昭南町１丁目,非親族を含む世帯,2
昭南町１丁目,単独世帯,173
昭南町２丁目,夫婦のみの世帯,12
昭南町２丁目,夫婦と子供から成る世帯,15
昭南町２丁目,その他の核家族世帯,6
昭南町２丁目,核家族以外の世帯,3
昭南町２丁目,非親族を含む世帯,1
昭南町２丁目,単独世帯,95
昭南町３丁目,夫婦のみの世帯,25
昭南町３丁目,夫婦と子供から成る世帯,15
昭南町３丁目,その他の核家族世帯,12
昭南町３丁目,核家族以外の世帯,11
昭南町３丁目,非親族を含む世帯,2
昭南町３丁目,単独世帯,108
新和町１丁目,夫婦のみの世帯,39
新和町１丁目,夫婦と子供から成る世帯,59
新和町１丁目,その他の核家族世帯,40
新和町１丁目,核家族以外の世帯,18
新和町１丁目,非親族を含む世帯,0
新和町１丁目,単独世帯,103
新和町２丁目,夫婦のみの世帯,44
新和町２丁目,夫婦と子供から成る世帯,88
新和町２丁目,その他の核家族世帯,25
新和町２丁目,核家族以外の世帯,17
新和町２丁目,非親族を含む世帯,3
新和町２丁目,単独世帯,181
西春町１丁目,夫婦のみの世帯,35
西春町１丁目,夫婦と子供から成る世帯,57
西春町１丁目,その他の核家族世帯,37
西春町１丁目,核家族以外の世帯,19
西春町１丁目,非親族を含む世帯,0
西春町１丁目,単独世帯,174
西春町２丁目,夫婦のみの世帯,10
西春町２丁目,夫婦と子供から成る世帯,9
西春町２丁目,その他の核家族世帯,3
西春町２丁目,核家族以外の世帯,4
西春町２丁目,非親族を含む世帯,1
西春町２丁目,単独世帯,40
西春町３丁目,夫婦のみの世帯,37
西春町３丁目,夫婦と子供から成る世帯,50
西春町３丁目,その他の核家族世帯,17
西春町３丁目,核家族以外の世帯,9
西春町３丁目,非親族を含む世帯,1
西春町３丁目,単独世帯,124
西春町４丁目,夫婦のみの世帯,15
西春町４丁目,夫婦と子供から成る世帯,29
西春町４丁目,その他の核家族世帯,18
西春町４丁目,核家族以外の世帯,6
西春町４丁目,非親族を含む世帯,3
西春町４丁目,単独世帯,39
春町１丁目,夫婦のみの世帯,18
春町１丁目,夫婦と子供から成る世帯,21
春町１丁目,その他の核家族世帯,17
春町１丁目,核家族以外の世帯,6
春町１丁目,非親族を含む世帯,2
春町１丁目,単独世帯,182
春町２丁目,夫婦のみの世帯,49
春町２丁目,夫婦と子供から成る世帯,68
春町２丁目,その他の核家族世帯,32
春町２丁目,核家族以外の世帯,9
春町２丁目,非親族を含む世帯,5
春町２丁目,単独世帯,174
春町３丁目,夫婦のみの世帯,39
春町３丁目,夫婦と子供から成る世帯,36
春町３丁目,その他の核家族世帯,15
春町３丁目,核家族以外の世帯,7
春町３丁目,非親族を含む世帯,4
春町３丁目,単独世帯,134
東雲町１丁目,夫婦のみの世帯,8
東雲町１丁目,夫婦と子供から成る世帯,3
東雲町１丁目,その他の核家族世帯,2
東雲町１丁目,核家族以外の世帯,1
東雲町１丁目,非親族を含む世帯,1
東雲町１丁目,単独世帯,101
東雲町２丁目,夫婦のみの世帯,33
東雲町２丁目,夫婦と子供から成る世帯,65
東雲町２丁目,その他の核家族世帯,26
東雲町２丁目,核家族以外の世帯,6
東雲町２丁目,非親族を含む世帯,4
東雲町２丁目,単独世帯,132
東雲町３丁目,夫婦のみの世帯,26
東雲町３丁目,夫婦と子供から成る世帯,39
東雲町３丁目,その他の核家族世帯,10
東雲町３丁目,核家族以外の世帯,10
東雲町３丁目,非親族を含む世帯,0
東雲町３丁目,単独世帯,81
東雲町４丁目,夫婦のみの世帯,13
東雲町４丁目,夫婦と子供から成る世帯,17
東雲町４丁目,その他の核家族世帯,6
東雲町４丁目,核家族以外の世帯,5
東雲町４丁目,非親族を含む世帯,0
東雲町４丁目,単独世帯,99
光丘町１丁目,夫婦のみの世帯,43
光丘町１丁目,夫婦と子供から成る世帯,71
光丘町１丁目,その他の核家族世帯,40
光丘町１丁目,核家族以外の世帯,10
光丘町１丁目,非親族を含む世帯,0
光丘町１丁目,単独世帯,188
光丘町２丁目,夫婦のみの世帯,17
光丘町２丁目,夫婦と子供から成る世帯,46
光丘町２丁目,その他の核家族世帯,8
光丘町２丁目,核家族以外の世帯,6
光丘町２丁目,非親族を含む世帯,0
光丘町２丁目,単独世帯,77
光丘町３丁目,夫婦のみの世帯,19
光丘町３丁目,夫婦と子供から成る世帯,36
光丘町３丁目,その他の核家族世帯,11
光丘町３丁目,核家族以外の世帯,5
光丘町３丁目,非親族を含む世帯,2
光丘町３丁目,単独世帯,63
南本町１丁目,夫婦のみの世帯,19
南本町１丁目,夫婦と子供から成る世帯,11
南本町１丁目,その他の核家族世帯,8
南本町１丁目,核家族以外の世帯,6
南本町１丁目,非親族を含む世帯,2
南本町１丁目,単独世帯,91
南本町２丁目,夫婦のみの世帯,33
南本町２丁目,夫婦と子供から成る世帯,28
南本町２丁目,その他の核家族世帯,23
南本町２丁目,核家族以外の世帯,11
南本町２丁目,非親族を含む世帯,3
南本町２丁目,単独世帯,119
南八幡町１丁目,夫婦のみの世帯,39
南八幡町１丁目,夫婦と子供から成る世帯,77
南八幡町１丁目,その他の核家族世帯,22
南八幡町１丁目,核家族以外の世帯,11
南八幡町１丁目,非親族を含む世帯,3
南八幡町１丁目,単独世帯,219
南八幡町２丁目,夫婦のみの世帯,56
南八幡町２丁目,夫婦と子供から成る世帯,171
南八幡町２丁目,その他の核家族世帯,41
南八幡町２丁目,核家族以外の世帯,16
南八幡町２丁目,非親族を含む世帯,5
南八幡町２丁目,単独世帯,228
竹丘町１丁目,夫婦のみの世帯,30
竹丘町１丁目,夫婦と子供から成る世帯,31
竹丘町１丁目,その他の核家族世帯,11
竹丘町１丁目,核家族以外の世帯,11
竹丘町１丁目,非親族を含む世帯,2
竹丘町１丁目,単独世帯,97
竹丘町２丁目,夫婦のみの世帯,25
竹丘町２丁目,夫婦と子供から成る世帯,41
竹丘町２丁目,その他の核家族世帯,22
竹丘町２丁目,核家族以外の世帯,8
竹丘町２丁目,非親族を含む世帯,2
竹丘町２丁目,単独世帯,213
竹丘町３丁目,夫婦のみの世帯,21
竹丘町３丁目,夫婦と子供から成る世帯,5
竹丘町３丁目,その他の核家族世帯,8
竹丘町３丁目,核家族以外の世帯,4
竹丘町３丁目,非親族を含む世帯,1
竹丘町３丁目,単独世帯,75
元町１丁目,夫婦のみの世帯,28
元町１丁目,夫婦と子供から成る世帯,30
元町１丁目,その他の核家族世帯,14
元町１丁目,核家族以外の世帯,8
元町１丁目,非親族を含む世帯,1
元町１丁目,単独世帯,128
元町２丁目,夫婦のみの世帯,152
元町２丁目,夫婦と子供から成る世帯,208
元町２丁目,その他の核家族世帯,59
元町２丁目,核家族以外の世帯,31
元町２丁目,非親族を含む世帯,3
元町２丁目,単独世帯,368
元町３丁目,夫婦のみの世帯,6
元町３丁目,夫婦と子供から成る世帯,76
元町３丁目,その他の核家族世帯,3
元町３丁目,核家族以外の世帯,0
元町３丁目,非親族を含む世帯,0
元町３丁目,単独世帯,4
青木１丁目,夫婦のみの世帯,127
青木１丁目,夫婦と子供から成る世帯,233
青木１丁目,その他の核家族世帯,53
青木１丁目,核家族以外の世帯,33
青木１丁目,非親族を含む世帯,3
青木１丁目,単独世帯,229
青木２丁目,夫婦のみの世帯,2
青木２丁目,夫婦と子供から成る世帯,2
青木２丁目,その他の核家族世帯,1
青木２丁目,核家族以外の世帯,1
青木２丁目,非親族を含む世帯,0
青木２丁目,単独世帯,0
空港前１丁目,夫婦のみの世帯,1
空港前１丁目,夫婦と子供から成る世帯,1
空港前１丁目,その他の核家族世帯,0
空港前１丁目,核家族以外の世帯,1
空港前１丁目,非親族を含む世帯,0
空港前１丁目,単独世帯,15
空港前２丁目,夫婦のみの世帯,49
空港前２丁目,夫婦と子供から成る世帯,84
空港前２丁目,その他の核家族世帯,24
空港前２丁目,核家族以外の世帯,30
空港前２丁目,非親族を含む世帯,4
空港前２丁目,単独世帯,271
空港前３丁目,夫婦のみの世帯,46
空港前３丁目,夫婦と子供から成る世帯,74
空港前３丁目,その他の核家族世帯,29
空港前３丁目,核家族以外の世帯,37
空港前３丁目,非親族を含む世帯,8
空港前３丁目,単独世帯,384
空港前４丁目,夫婦のみの世帯,5
空港前４丁目,夫婦と子供から成る世帯,13
空港前４丁目,その他の核家族世帯,1
空港前４丁目,核家族以外の世帯,11
空港前４丁目,非親族を含む世帯,1
空港前４丁目,単独世帯,32
空港前５丁目,夫婦のみの世帯,29
空港前５丁目,夫婦と子供から成る世帯,44
空港前５丁目,その他の核家族世帯,13
空港前５丁目,核家族以外の世帯,16
空港前５丁目,非親族を含む世帯,1
空港前５丁目,単独世帯,33
東平尾１丁目,夫婦のみの世帯,68
東平尾１丁目,夫婦と子供から成る世帯,113
東平尾１丁目,その他の核家族世帯,20
東平尾１丁目,核家族以外の世帯,11
東平尾１丁目,非親族を含む世帯,5
東平尾１丁目,単独世帯,149
東平尾２丁目,夫婦のみの世帯,75
東平尾２丁目,夫婦と子供から成る世帯,106
東平尾２丁目,その他の核家族世帯,21
東平尾２丁目,核家族以外の世帯,21
東平尾２丁目,非親族を含む世帯,8
東平尾２丁目,単独世帯,102
東平尾３丁目,夫婦のみの世帯,0
東平尾３丁目,夫婦と子供から成る世帯,0
東平尾３丁目,その他の核家族世帯,0
東平尾３丁目,核家族以外の世帯,0
東平尾３丁目,非親族を含む世帯,0
東平尾３丁目,単独世帯,0
東平尾公園１丁目,夫婦のみの世帯,0
東平尾公園１丁目,夫婦と子供から成る世帯,0
東平尾公園１丁目,その他の核家族世帯,0
東平尾公園１丁目,核家族以外の世帯,0
東平尾公園１丁目,非親族を含む世帯,0
東平尾公園１丁目,単独世帯,0
東平尾公園２丁目,夫婦のみの世帯,0
東平尾公園２丁目,夫婦と子供から成る世帯,0
東平尾公園２丁目,その他の核家族世帯,0
東平尾公園２丁目,核家族以外の世帯,0
東平尾公園２丁目,非親族を含む世帯,0
東平尾公園２丁目,単独世帯,0
月隈１丁目,夫婦のみの世帯,17
月隈１丁目,夫婦と子供から成る世帯,34
月隈１丁目,その他の核家族世帯,7
月隈１丁目,核家族以外の世帯,8
月隈１丁目,非親族を含む世帯,1
月隈１丁目,単独世帯,18
月隈２丁目,夫婦のみの世帯,41
月隈２丁目,夫婦と子供から成る世帯,107
月隈２丁目,その他の核家族世帯,28
月隈２丁目,核家族以外の世帯,21
月隈２丁目,非親族を含む世帯,2
月隈２丁目,単独世帯,55
月隈３丁目,夫婦のみの世帯,18
月隈３丁目,夫婦と子供から成る世帯,40
月隈３丁目,その他の核家族世帯,15
月隈３丁目,核家族以外の世帯,6
月隈３丁目,非親族を含む世帯,0
月隈３丁目,単独世帯,41
月隈４丁目,夫婦のみの世帯,0
月隈４丁目,夫婦と子供から成る世帯,0
月隈４丁目,その他の核家族世帯,0
月隈４丁目,核家族以外の世帯,0
月隈４丁目,非親族を含む世帯,0
月隈４丁目,単独世帯,0
月隈５丁目,夫婦のみの世帯,0
月隈５丁目,夫婦と子供から成る世帯,0
月隈５丁目,その他の核家族世帯,0
月隈５丁目,核家族以外の世帯,0
月隈５丁目,非親族を含む世帯,0
月隈５丁目,単独世帯,0
月隈６丁目,夫婦のみの世帯,34
月隈６丁目,夫婦と子供から成る世帯,62
月隈６丁目,その他の核家族世帯,17
月隈６丁目,核家族以外の世帯,13
月隈６丁目,非親族を含む世帯,4
月隈６丁目,単独世帯,114
立花寺,夫婦のみの世帯,35
立花寺,夫婦と子供から成る世帯,46
立花寺,その他の核家族世帯,9
立花寺,核家族以外の世帯,16
立花寺,非親族を含む世帯,2
立花寺,単独世帯,92
金の隈１丁目,夫婦のみの世帯,132
金の隈１丁目,夫婦と子供から成る世帯,192
金の隈１丁目,その他の核家族世帯,49
金の隈１丁目,核家族以外の世帯,41
金の隈１丁目,非親族を含む世帯,6
金の隈１丁目,単独世帯,227
金の隈２丁目,夫婦のみの世帯,52
金の隈２丁目,夫婦と子供から成る世帯,96
金の隈２丁目,その他の核家族世帯,30
金の隈２丁目,核家族以外の世帯,16
金の隈２丁目,非親族を含む世帯,3
金の隈２丁目,単独世帯,105
金の隈３丁目,夫婦のみの世帯,84
金の隈３丁目,夫婦と子供から成る世帯,126
金の隈３丁目,その他の核家族世帯,27
金の隈３丁目,核家族以外の世帯,26
金の隈３丁目,非親族を含む世帯,4
金の隈３丁目,単独世帯,302
博多港,夫婦のみの世帯,0
博多港,夫婦と子供から成る世帯,0
博多港,その他の核家族世帯,0
博多港,核家族以外の世帯,0
博多港,非親族を含む世帯,0
博多港,単独世帯,0