Town,AreaRange,TotalHouseholds,TotalPopulation
博多駅前１丁目,0～29㎡,367,387
博多駅前１丁目,30～49㎡,160,180
博多駅前１丁目,50～69㎡,94,118
博多駅前１丁目,70～99㎡,74,135
博多駅前１丁目,100～149㎡,18,53
博多駅前１丁目,150㎡以上,13,39
博多駅前２丁目,0～29㎡,87,94
博多駅前２丁目,30～49㎡,124,143
博多駅前２丁目,50～69㎡,51,64
博多駅前２丁目,70～99㎡,25,28
博多駅前２丁目,100～149㎡,3,8
博多駅前２丁目,150㎡以上,1,1
博多駅前３丁目,0～29㎡,727,747
博多駅前３丁目,30～49㎡,509,582
博多駅前３丁目,50～69㎡,173,209
博多駅前３丁目,70～99㎡,92,109
博多駅前３丁目,100～149㎡,18,27
博多駅前３丁目,150㎡以上,14,33
博多駅前４丁目,0～29㎡,1446,1519
博多駅前４丁目,30～49㎡,871,1039
博多駅前４丁目,50～69㎡,601,885
博多駅前４丁目,70～99㎡,400,746
博多駅前４丁目,100～149㎡,45,104
博多駅前４丁目,150㎡以上,23,56
博多駅中央街,0～29㎡,34,37
博多駅中央街,30～49㎡,25,33
博多駅中央街,50～69㎡,8,9
博多駅中央街,70～99㎡,2,2
博多駅中央街,100～149㎡,0,0
博多駅中央街,150㎡以上,0,0
博多駅東１丁目,0～29㎡,371,396
博多駅東１丁目,30～49㎡,220,245
博多駅東１丁目,50～69㎡,131,212
博多駅東１丁目,70～99㎡,68,114
博多駅東１丁目,100～149㎡,7,9
博多駅東１丁目,150㎡以上,2,5
博多駅東２丁目,0～29㎡,196,201
博多駅東２丁目,30～49㎡,93,105
博多駅東２丁目,50～69㎡,67,112
博多駅東２丁目,70～99㎡,36,60
博多駅東２丁目,100～149㎡,5,14
博多駅東２丁目,150㎡以上,1,2
博多駅東３丁目,0～29㎡,436,453
博多駅東３丁目,30～49㎡,257,306
博多駅東３丁目,50～69㎡,163,230
博多駅東３丁目,70～99㎡,63,88
博多駅東３丁目,100～149㎡,10,14
博多駅東３丁目,150㎡以上,3,9
博多駅南１丁目,0～29㎡,485,504
博多駅南１丁目,30～49㎡,303,334
博多駅南１丁目,50～69㎡,165,205
博多駅南１丁目,70～99㎡,105,170
博多駅南１丁目,100～149㎡,13,26
博多駅南１丁目,150㎡以上,7,14
博多駅南２丁目,0～29㎡,770,817
博多駅南２丁目,30～49㎡,564,653
博多駅南２丁目,50～69㎡,347,639
博多駅南２丁目,70～99㎡,257,560
博多駅南２丁目,100～149㎡,30,70
博多駅南２丁目,150㎡以上,18,44
博多駅南３丁目,0～29㎡,1109,1170
博多駅南３丁目,30～49㎡,1050,1360
博多駅南３丁目,50～69㎡,503,809
博多駅南３丁目,70～99㎡,295,569
博多駅南３丁目,100～149㎡,50,91
博多駅南３丁目,150㎡以上,14,32
博多駅南４丁目,0～29㎡,212,236
博多駅南４丁目,30～49㎡,364,516
博多駅南４丁目,50～69㎡,260,492
博多駅南４丁目,70～99㎡,88,183
博多駅南４丁目,100～149㎡,23,57
博多駅南４丁目,150㎡以上,19,52
博多駅南５丁目,0～29㎡,638,694
博多駅南５丁目,30～49㎡,470,620
博多駅南５丁目,50～69㎡,282,442
博多駅南５丁目,70～99㎡,238,484
博多駅南５丁目,100～149㎡,68,185
博多駅南５丁目,150㎡以上,34,95
博多駅南６丁目,0～29㎡,154,179
博多駅南６丁目,30～49㎡,163,241
博多駅南６丁目,50～69㎡,228,452
博多駅南６丁目,70～99㎡,169,421
博多駅南６丁目,100～149㎡,23,58
博多駅南６丁目,150㎡以上,6,20
山王１丁目,0～29㎡,198,231
山王１丁目,30～49㎡,202,373
山王１丁目,50～69㎡,205,447
山王１丁目,70～99㎡,101,258
山王１丁目,100～149㎡,19,49
山王１丁目,150㎡以上,15,42
山王２丁目,0～29㎡,103,117
山王２丁目,30～49㎡,121,152
山王２丁目,50～69㎡,59,119
山王２丁目,70～99㎡,43,114
山王２丁目,100～149㎡,15,38
山王２丁目,150㎡以上,5,21
比恵町,0～29㎡,1019,1081
比恵町,30～49㎡,747,940
比恵町,50～69㎡,483,796
比恵町,70～99㎡,250,473
比恵町,100～149㎡,40,94
比恵町,150㎡以上,23,69
美野島１丁目,0～29㎡,696,736
美野島１丁目,30～49㎡,428,540
美野島１丁目,50～69㎡,221,337
美野島１丁目,70～99㎡,160,279
美野島１丁目,100～149㎡,64,149
美野島１丁目,150㎡以上,46,122
美野島２丁目,0～29㎡,1117,1211
美野島２丁目,30～49㎡,646,803
美野島２丁目,50～69㎡,398,669
美野島２丁目,70～99㎡,204,386
美野島２丁目,100～149㎡,56,137
美野島２丁目,150㎡以上,40,121
美野島３丁目,0～29㎡,636,683
美野島３丁目,30～49㎡,476,676
美野島３丁目,50～69㎡,397,690
美野島３丁目,70～99㎡,347,779
美野島３丁目,100～149㎡,79,219
美野島３丁目,150㎡以上,21,52
美野島４丁目,0～29㎡,20,42
美野島４丁目,30～49㎡,87,134
美野島４丁目,50～69㎡,214,470
美野島４丁目,70～99㎡,498,1383
美野島４丁目,100～149㎡,32,88
美野島４丁目,150㎡以上,6,16
住吉１丁目,0～29㎡,4,7
住吉１丁目,30～49㎡,5,5
住吉１丁目,50～69㎡,3,3
住吉１丁目,70～99㎡,14,20
住吉１丁目,100～149㎡,4,6
住吉１丁目,150㎡以上,2,7
住吉２丁目,0～29㎡,713,747
住吉２丁目,30～49㎡,544,669
住吉２丁目,50～69㎡,328,454
住吉２丁目,70～99㎡,104,125
住吉２丁目,100～149㎡,27,67
住吉２丁目,150㎡以上,22,69
住吉３丁目,0～29㎡,603,636
住吉３丁目,30～49㎡,435,520
住吉３丁目,50～69㎡,219,291
住吉３丁目,70～99㎡,144,196
住吉３丁目,100～149㎡,36,68
住吉３丁目,150㎡以上,12,43
住吉４丁目,0～29㎡,795,859
住吉４丁目,30～49㎡,468,579
住吉４丁目,50～69㎡,254,379
住吉４丁目,70～99㎡,196,346
住吉４丁目,100～149㎡,49,110
住吉４丁目,150㎡以上,23,55
住吉５丁目,0～29㎡,629,691
住吉５丁目,30～49㎡,379,483
住吉５丁目,50～69㎡,314,460
住吉５丁目,70～99㎡,270,489
住吉５丁目,100～149㎡,78,179
住吉５丁目,150㎡以上,33,103
上川端町,0～29㎡,105,114
上川端町,30～49㎡,107,158
上川端町,50～69㎡,58,78
上川端町,70～99㎡,67,115
上川端町,100～149㎡,28,78
上川端町,150㎡以上,20,52
下川端町,0～29㎡,22,27
下川端町,30～49㎡,46,62
下川端町,50～69㎡,33,40
下川端町,70～99㎡,54,77
下川端町,100～149㎡,5,13
下川端町,150㎡以上,7,20
店屋町,0～29㎡,196,212
店屋町,30～49㎡,128,159
店屋町,50～69㎡,101,160
店屋町,70～99㎡,48,89
店屋町,100～149㎡,5,10
店屋町,150㎡以上,16,36
冷泉町,0～29㎡,382,401
冷泉町,30～49㎡,329,379
冷泉町,50～69㎡,228,322
冷泉町,70～99㎡,150,268
冷泉町,100～149㎡,25,72
冷泉町,150㎡以上,17,44
祇園町,0～29㎡,325,374
祇園町,30～49㎡,299,383
祇園町,50～69㎡,125,190
祇園町,70～99㎡,89,145
祇園町,100～149㎡,15,32
祇園町,150㎡以上,8,30
中洲１丁目,0～29㎡,0,0
中洲１丁目,30～49㎡,1,1
中洲１丁目,50～69㎡,0,0
中洲１丁目,70～99㎡,0,0
中洲１丁目,100～149㎡,0,0
中洲１丁目,150㎡以上,2,4
中洲２丁目,0～29㎡,46,46
中洲２丁目,30～49㎡,2,2
中洲２丁目,50～69㎡,8,16
中洲２丁目,70～99㎡,6,10
中洲２丁目,100～149㎡,3,3
中洲２丁目,150㎡以上,0,0
中洲３丁目,0～29㎡,0,0
中洲３丁目,30～49㎡,0,0
中洲３丁目,50～69㎡,1,1
中洲３丁目,70～99㎡,4,9
中洲３丁目,100～149㎡,0,0
中洲３丁目,150㎡以上,4,6
中洲４丁目,0～29㎡,0,0
中洲４丁目,30～49㎡,2,2
中洲４丁目,50～69㎡,3,7
中洲４丁目,70～99㎡,2,6
中洲４丁目,100～149㎡,2,6
中洲４丁目,150㎡以上,1,4
中洲５丁目,0～29㎡,228,234
中洲５丁目,30～49㎡,192,203
中洲５丁目,50～69㎡,74,80
中洲５丁目,70～99㎡,26,27
中洲５丁目,100～149㎡,3,7
中洲５丁目,150㎡以上,2,5
中洲中島町,0～29㎡,112,114
中洲中島町,30～49㎡,93,109
中洲中島町,50～69㎡,60,72
中洲中島町,70～99㎡,60,110
中洲中島町,100～149㎡,4,6
中洲中島町,150㎡以上,1,5
古門戸町,0～29㎡,255,276
古門戸町,30～49㎡,135,155
古門戸町,50～69㎡,119,175
古門戸町,70～99㎡,97,224
古門戸町,100～149㎡,27,66
古門戸町,150㎡以上,17,46
対馬小路,0～29㎡,329,351
対馬小路,30～49㎡,202,265
対馬小路,50～69㎡,167,309
対馬小路,70～99㎡,163,368
対馬小路,100～149㎡,32,84
対馬小路,150㎡以上,23,66
築港本町,0～29㎡,495,528
築港本町,30～49㎡,453,517
築港本町,50～69㎡,218,304
築港本町,70～99㎡,206,383
築港本町,100～149㎡,12,37
築港本町,150㎡以上,8,26
奈良屋町,0～29㎡,262,283
奈良屋町,30～49㎡,158,211
奈良屋町,50～69㎡,157,270
奈良屋町,70～99㎡,192,448
奈良屋町,100～149㎡,39,105
奈良屋町,150㎡以上,27,98
神屋町,0～29㎡,652,714
神屋町,30～49㎡,401,481
神屋町,50～69㎡,188,278
神屋町,70～99㎡,126,210
神屋町,100～149㎡,29,69
神屋町,150㎡以上,29,67
須崎町,0～29㎡,324,349
須崎町,30～49㎡,152,180
須崎町,50～69㎡,89,132
須崎町,70～99㎡,83,165
須崎町,100～149㎡,34,80
須崎町,150㎡以上,20,49
綱場町,0～29㎡,211,221
綱場町,30～49㎡,171,199
綱場町,50～69㎡,41,53
綱場町,70～99㎡,32,46
綱場町,100～149㎡,9,25
綱場町,150㎡以上,8,20
石城町,0～29㎡,405,435
石城町,30～49㎡,138,170
石城町,50～69㎡,140,222
石城町,70～99㎡,94,156
石城町,100～149㎡,13,28
石城町,150㎡以上,6,25
上呉服町,0～29㎡,276,284
上呉服町,30～49㎡,149,175
上呉服町,50～69㎡,68,113
上呉服町,70～99㎡,152,384
上呉服町,100～149㎡,49,105
上呉服町,150㎡以上,40,117
中呉服町,0～29㎡,463,484
中呉服町,30～49㎡,243,265
中呉服町,50～69㎡,122,182
中呉服町,70～99㎡,55,77
中呉服町,100～149㎡,8,14
中呉服町,150㎡以上,13,27
下呉服町,0～29㎡,607,642
下呉服町,30～49㎡,237,292
下呉服町,50～69㎡,223,404
下呉服町,70～99㎡,114,219
下呉服町,100～149㎡,26,69
下呉服町,150㎡以上,26,74
大博町,0～29㎡,320,348
大博町,30～49㎡,300,436
大博町,50～69㎡,159,286
大博町,70～99㎡,94,180
大博町,100～149㎡,42,113
大博町,150㎡以上,16,41
御供所町,0～29㎡,318,348
御供所町,30～49㎡,100,126
御供所町,50～69㎡,160,272
御供所町,70～99㎡,60,113
御供所町,100～149㎡,29,79
御供所町,150㎡以上,21,55
千代１丁目,0～29㎡,703,755
千代１丁目,30～49㎡,468,580
千代１丁目,50～69㎡,477,812
千代１丁目,70～99㎡,299,610
千代１丁目,100～149㎡,69,165
千代１丁目,150㎡以上,43,116
千代２丁目,0～29㎡,546,568
千代２丁目,30～49㎡,241,292
千代２丁目,50～69㎡,185,287
千代２丁目,70～99㎡,73,118
千代２丁目,100～149㎡,20,39
千代２丁目,150㎡以上,10,29
千代３丁目,0～29㎡,276,288
千代３丁目,30～49㎡,208,284
千代３丁目,50～69㎡,793,1306
千代３丁目,70～99㎡,149,261
千代３丁目,100～149㎡,8,19
千代３丁目,150㎡以上,18,51
千代４丁目,0～29㎡,800,834
千代４丁目,30～49㎡,366,410
千代４丁目,50～69㎡,182,227
千代４丁目,70～99㎡,112,170
千代４丁目,100～149㎡,57,108
千代４丁目,150㎡以上,35,92
千代５丁目,0～29㎡,139,142
千代５丁目,30～49㎡,124,144
千代５丁目,50～69㎡,630,1083
千代５丁目,70～99㎡,87,191
千代５丁目,100～149㎡,8,12
千代５丁目,150㎡以上,5,18
千代６丁目,0～29㎡,270,273
千代６丁目,30～49㎡,107,122
千代６丁目,50～69㎡,159,251
千代６丁目,70～99㎡,29,39
千代６丁目,100～149㎡,1,1
千代６丁目,150㎡以上,1,4
東公園,0～29㎡,134,138
東公園,30～49㎡,33,34
東公園,50～69㎡,20,26
東公園,70～99㎡,16,26
東公園,100～149㎡,19,49
東公園,150㎡以上,12,29
吉塚本町,0～29㎡,192,215
吉塚本町,30～49㎡,185,234
吉塚本町,50～69㎡,152,278
吉塚本町,70～99㎡,185,425
吉塚本町,100～149㎡,38,100
吉塚本町,150㎡以上,12,43
吉塚１丁目,0～29㎡,601,664
吉塚１丁目,30～49㎡,379,562
吉塚１丁目,50～69㎡,325,588
吉塚１丁目,70～99㎡,198,407
吉塚１丁目,100～149㎡,120,317
吉塚１丁目,150㎡以上,63,176
吉塚２丁目,0～29㎡,359,399
吉塚２丁目,30～49㎡,274,383
吉塚２丁目,50～69㎡,196,371
吉塚２丁目,70～99㎡,233,582
吉塚２丁目,100～149㎡,104,279
吉塚２丁目,150㎡以上,45,127
吉塚３丁目,0～29㎡,330,398
吉塚３丁目,30～49㎡,266,417
吉塚３丁目,50～69㎡,166,340
吉塚３丁目,70～99㎡,114,247
吉塚３丁目,100～149㎡,70,191
吉塚３丁目,150㎡以上,49,125
吉塚４丁目,0～29㎡,254,309
吉塚４丁目,30～49㎡,269,461
吉塚４丁目,50～69㎡,500,1139
吉塚４丁目,70～99㎡,293,708
吉塚４丁目,100～149㎡,66,191
吉塚４丁目,150㎡以上,27,75
吉塚５丁目,0～29㎡,230,265
吉塚５丁目,30～49㎡,133,234
吉塚５丁目,50～69㎡,200,458
吉塚５丁目,70～99㎡,293,748
吉塚５丁目,100～149㎡,31,83
吉塚５丁目,150㎡以上,15,47
吉塚６丁目,0～29㎡,482,584
吉塚６丁目,30～49㎡,483,662
吉塚６丁目,50～69㎡,308,610
吉塚６丁目,70～99㎡,263,696
吉塚６丁目,100～149㎡,38,106
吉塚６丁目,150㎡以上,11,29
吉塚７丁目,0～29㎡,205,240
吉塚７丁目,30～49㎡,367,618
吉塚７丁目,50～69㎡,328,645
吉塚７丁目,70～99㎡,154,371
吉塚７丁目,100～149㎡,24,56
吉塚７丁目,150㎡以上,10,25
吉塚８丁目,0～29㎡,71,75
吉塚８丁目,30～49㎡,127,257
吉塚８丁目,50～69㎡,36,64
吉塚８丁目,70～99㎡,24,41
吉塚８丁目,100～149㎡,16,46
吉塚８丁目,150㎡以上,5,17
豊１丁目,0～29㎡,216,230
豊１丁目,30～49㎡,255,324
豊１丁目,50～69㎡,130,233
豊１丁目,70～99㎡,117,260
豊１丁目,100～149㎡,5,10
豊１丁目,150㎡以上,2,6
豊２丁目,0～29㎡,122,133
豊２丁目,30～49㎡,156,229
豊２丁目,50～69㎡,63,98
豊２丁目,70～99㎡,79,171
豊２丁目,100～149㎡,8,18
豊２丁目,150㎡以上,5,15
榎田１丁目,0～29㎡,174,190
榎田１丁目,30～49㎡,242,364
榎田１丁目,50～69㎡,114,233
榎田１丁目,70～99㎡,34,64
榎田１丁目,100～149㎡,4,10
榎田１丁目,150㎡以上,2,7
榎田２丁目,0～29㎡,11,12
榎田２丁目,30～49㎡,11,15
榎田２丁目,50～69㎡,4,4
榎田２丁目,70～99㎡,3,7
榎田２丁目,100～149㎡,1,4
榎田２丁目,150㎡以上,0,0
堅粕１丁目,0～29㎡,101,104
堅粕１丁目,30～49㎡,130,199
堅粕１丁目,50～69㎡,369,688
堅粕１丁目,70～99㎡,40,55
堅粕１丁目,100～149㎡,3,8
堅粕１丁目,150㎡以上,1,6
堅粕２丁目,0～29㎡,152,157
堅粕２丁目,30～49㎡,167,277
堅粕２丁目,50～69㎡,261,465
堅粕２丁目,70～99㎡,37,77
堅粕２丁目,100～149㎡,4,13
堅粕２丁目,150㎡以上,0,0
堅粕３丁目,0～29㎡,268,298
堅粕３丁目,30～49㎡,289,431
堅粕３丁目,50～69㎡,250,383
堅粕３丁目,70～99㎡,91,178
堅粕３丁目,100～149㎡,13,34
堅粕３丁目,150㎡以上,6,18
堅粕４丁目,0～29㎡,478,515
堅粕４丁目,30～49㎡,212,253
堅粕４丁目,50～69㎡,153,242
堅粕４丁目,70～99㎡,112,213
堅粕４丁目,100～149㎡,58,136
堅粕４丁目,150㎡以上,51,134
堅粕５丁目,0～29㎡,182,193
堅粕５丁目,30～49㎡,148,176
堅粕５丁目,50～69㎡,62,86
堅粕５丁目,70～99㎡,29,39
堅粕５丁目,100～149㎡,11,25
堅粕５丁目,150㎡以上,3,8
東光１丁目,0～29㎡,83,87
東光１丁目,30～49㎡,45,51
東光１丁目,50～69㎡,26,29
東光１丁目,70～99㎡,11,13
東光１丁目,100～149㎡,3,5
東光１丁目,150㎡以上,0,0
東光２丁目,0～29㎡,139,156
東光２丁目,30～49㎡,152,215
東光２丁目,50～69㎡,136,263
東光２丁目,70～99㎡,116,265
東光２丁目,100～149㎡,18,41
東光２丁目,150㎡以上,8,18
東比恵１丁目,0～29㎡,73,75
東比恵１丁目,30～49㎡,36,43
東比恵１丁目,50～69㎡,24,42
東比恵１丁目,70～99㎡,10,14
東比恵１丁目,100～149㎡,3,6
東比恵１丁目,150㎡以上,3,7
東比恵２丁目,0～29㎡,313,323
東比恵２丁目,30～49㎡,224,283
東比恵２丁目,50～69㎡,130,209
東比恵２丁目,70～99㎡,34,60
東比恵２丁目,100～149㎡,13,35
東比恵２丁目,150㎡以上,6,26
東比恵３丁目,0～29㎡,260,272
東比恵３丁目,30～49㎡,317,398
東比恵３丁目,50～69㎡,377,746
東比恵３丁目,70～99㎡,119,258
東比恵３丁目,100～149㎡,17,44
東比恵３丁目,150㎡以上,12,39
東比恵４丁目,0～29㎡,119,128
東比恵４丁目,30～49㎡,77,106
東比恵４丁目,50～69㎡,162,297
東比恵４丁目,70～99㎡,114,251
東比恵４丁目,100～149㎡,14,35
東比恵４丁目,150㎡以上,5,17
上牟田１丁目,0～29㎡,150,166
上牟田１丁目,30～49㎡,142,176
上牟田１丁目,50～69㎡,114,241
上牟田１丁目,70～99㎡,119,271
上牟田１丁目,100～149㎡,20,50
上牟田１丁目,150㎡以上,21,60
上牟田２丁目,0～29㎡,14,18
上牟田２丁目,30～49㎡,18,29
上牟田２丁目,50～69㎡,11,26
上牟田２丁目,70～99㎡,9,20
上牟田２丁目,100～149㎡,7,21
上牟田２丁目,150㎡以上,9,22
上牟田３丁目,0～29㎡,59,64
上牟田３丁目,30～49㎡,35,46
上牟田３丁目,50～69㎡,182,402
上牟田３丁目,70～99㎡,41,100
上牟田３丁目,100～149㎡,10,29
上牟田３丁目,150㎡以上,5,14
大井１丁目,0～29㎡,2,3
大井１丁目,30～49㎡,0,0
大井１丁目,50～69㎡,4,7
大井１丁目,70～99㎡,1,2
大井１丁目,100～149㎡,3,5
大井１丁目,150㎡以上,1,6
大井２丁目,0～29㎡,21,29
大井２丁目,30～49㎡,75,136
大井２丁目,50～69㎡,29,58
大井２丁目,70～99㎡,10,23
大井２丁目,100～149㎡,7,21
大井２丁目,150㎡以上,9,32
大字下臼井,0～29㎡,0,0
大字下臼井,30～49㎡,0,0
大字下臼井,50～69㎡,0,0
大字下臼井,70～99㎡,0,0
大字下臼井,100～149㎡,0,0
大字下臼井,150㎡以上,0,0
大字下月隈,0～29㎡,0,0
大字下月隈,30～49㎡,0,0
大字下月隈,50～69㎡,0,0
大字下月隈,70～99㎡,0,0
大字下月隈,100～149㎡,0,0
大字下月隈,150㎡以上,0,0
大字立花寺,0～29㎡,0,0
大字立花寺,30～49㎡,1,3
大字立花寺,50～69㎡,1,3
大字立花寺,70～99㎡,22,62
大字立花寺,100～149㎡,32,110
大字立花寺,150㎡以上,5,24
大字金隈,0～29㎡,0,0
大字金隈,30～49㎡,0,0
大字金隈,50～69㎡,0,0
大字金隈,70～99㎡,0,0
大字金隈,100～149㎡,0,0
大字金隈,150㎡以上,0,0
西月隈１丁目,0～29㎡,17,23
西月隈１丁目,30～49㎡,17,26
西月隈１丁目,50～69㎡,50,82
西月隈１丁目,70～99㎡,36,53
西月隈１丁目,100～149㎡,17,33
西月隈１丁目,150㎡以上,14,40
西月隈３丁目,0～29㎡,20,24
西月隈３丁目,30～49㎡,53,95
西月隈３丁目,50～69㎡,183,388
西月隈３丁目,70～99㎡,172,383
西月隈３丁目,100～149㎡,22,66
西月隈３丁目,150㎡以上,21,62
西月隈４丁目,0～29㎡,0,0
西月隈４丁目,30～49㎡,0,0
西月隈４丁目,50～69㎡,0,0
西月隈４丁目,70～99㎡,0,0
西月隈４丁目,100～149㎡,0,0
西月隈４丁目,150㎡以上,0,0
西月隈５丁目,0～29㎡,38,41
西月隈５丁目,30～49㎡,50,97
西月隈５丁目,50～69㎡,62,146
西月隈５丁目,70～99㎡,51,124
西月隈５丁目,100～149㎡,32,82
西月隈５丁目,150㎡以上,20,65
西月隈６丁目,0～29㎡,6,7
西月隈６丁目,30～49㎡,7,12
西月隈６丁目,50～69㎡,2,2
西月隈６丁目,70～99㎡,2,2
西月隈６丁目,100～149㎡,2,5
西月隈６丁目,150㎡以上,3,13
東月隈１丁目,0～29㎡,3,6
東月隈１丁目,30～49㎡,5,7
東月隈１丁目,50～69㎡,18,44
東月隈１丁目,70～99㎡,70,174
東月隈１丁目,100～149㎡,106,298
東月隈１丁目,150㎡以上,45,121
東月隈２丁目,0～29㎡,1,2
東月隈２丁目,30～49㎡,5,10
東月隈２丁目,50～69㎡,11,21
東月隈２丁目,70～99㎡,69,169
東月隈２丁目,100～149㎡,102,283
東月隈２丁目,150㎡以上,40,129
東月隈３丁目,0～29㎡,18,28
東月隈３丁目,30～49㎡,46,90
東月隈３丁目,50～69㎡,42,86
東月隈３丁目,70～99㎡,186,481
東月隈３丁目,100～149㎡,74,197
東月隈３丁目,150㎡以上,37,123
東月隈４丁目,0～29㎡,0,0
東月隈４丁目,30～49㎡,294,709
東月隈４丁目,50～69㎡,354,732
東月隈４丁目,70～99㎡,149,328
東月隈４丁目,100～149㎡,2,6
東月隈４丁目,150㎡以上,3,12
東月隈５丁目,0～29㎡,4,7
東月隈５丁目,30～49㎡,25,47
東月隈５丁目,50～69㎡,32,65
東月隈５丁目,70～99㎡,99,252
東月隈５丁目,100～149㎡,140,400
東月隈５丁目,150㎡以上,62,175
浦田１丁目,0～29㎡,41,62
浦田１丁目,30～49㎡,110,230
浦田１丁目,50～69㎡,119,293
浦田１丁目,70～99㎡,175,461
浦田１丁目,100～149㎡,150,460
浦田１丁目,150㎡以上,54,182
浦田２丁目,0～29㎡,26,26
浦田２丁目,30～49㎡,64,152
浦田２丁目,50～69㎡,50,111
浦田２丁目,70～99㎡,104,295
浦田２丁目,100～149㎡,130,406
浦田２丁目,150㎡以上,42,123
東那珂１丁目,0～29㎡,138,168
東那珂１丁目,30～49㎡,143,245
東那珂１丁目,50～69㎡,202,513
東那珂１丁目,70～99㎡,240,667
東那珂１丁目,100～149㎡,39,95
東那珂１丁目,150㎡以上,21,72
東那珂２丁目,0～29㎡,74,85
東那珂２丁目,30～49㎡,116,192
東那珂２丁目,50～69㎡,131,295
東那珂２丁目,70～99㎡,221,588
東那珂２丁目,100～149㎡,47,130
東那珂２丁目,150㎡以上,24,57
東那珂３丁目,0～29㎡,51,69
東那珂３丁目,30～49㎡,50,101
東那珂３丁目,50～69㎡,177,447
東那珂３丁目,70～99㎡,211,605
東那珂３丁目,100～149㎡,39,115
東那珂３丁目,150㎡以上,12,42
半道橋１丁目,0～29㎡,60,80
半道橋１丁目,30～49㎡,82,136
半道橋１丁目,50～69㎡,232,524
半道橋１丁目,70～99㎡,276,710
半道橋１丁目,100～149㎡,32,82
半道橋１丁目,150㎡以上,29,87
半道橋２丁目,0～29㎡,17,22
半道橋２丁目,30～49㎡,21,28
半道橋２丁目,50～69㎡,32,66
半道橋２丁目,70～99㎡,21,42
半道橋２丁目,100～149㎡,11,26
半道橋２丁目,150㎡以上,7,20
竹下１丁目,0～29㎡,211,217
竹下１丁目,30～49㎡,77,86
竹下１丁目,50～69㎡,78,136
竹下１丁目,70～99㎡,114,285
竹下１丁目,100～149㎡,28,75
竹下１丁目,150㎡以上,10,19
竹下２丁目,0～29㎡,139,151
竹下２丁目,30～49㎡,123,150
竹下２丁目,50～69㎡,53,92
竹下２丁目,70～99㎡,36,62
竹下２丁目,100～149㎡,4,10
竹下２丁目,150㎡以上,5,20
竹下３丁目,0～29㎡,0,0
竹下３丁目,30～49㎡,0,0
竹下３丁目,50～69㎡,0,0
竹下３丁目,70～99㎡,0,0
竹下３丁目,100～149㎡,0,0
竹下３丁目,150㎡以上,0,0
竹下４丁目,0～29㎡,275,325
竹下４丁目,30～49㎡,166,213
竹下４丁目,50～69㎡,148,258
竹下４丁目,70～99㎡,74,157
竹下４丁目,100～149㎡,22,45
竹下４丁目,150㎡以上,11,21
竹下５丁目,0～29㎡,237,251
竹下５丁目,30～49㎡,89,132
竹下５丁目,50～69㎡,129,279
竹下５丁目,70～99㎡,165,415
竹下５丁目,100～149㎡,51,122
竹下５丁目,150㎡以上,43,115
東光寺町１丁目,0～29㎡,77,85
東光寺町１丁目,30～49㎡,96,148
東光寺町１丁目,50～69㎡,74,157
東光寺町１丁目,70～99㎡,49,117
東光寺町１丁目,100～149㎡,41,119
東光寺町１丁目,150㎡以上,32,99
東光寺町２丁目,0～29㎡,38,53
東光寺町２丁目,30～49㎡,47,87
東光寺町２丁目,50～69㎡,101,265
東光寺町２丁目,70～99㎡,76,232
東光寺町２丁目,100～149㎡,2,3
東光寺町２丁目,150㎡以上,1,1
那珂１丁目,0～29㎡,243,282
那珂１丁目,30～49㎡,170,285
那珂１丁目,50～69㎡,186,350
那珂１丁目,70～99㎡,209,521
那珂１丁目,100～149㎡,97,261
那珂１丁目,150㎡以上,46,134
那珂２丁目,0～29㎡,120,155
那珂２丁目,30～49㎡,106,180
那珂２丁目,50～69㎡,150,344
那珂２丁目,70～99㎡,119,321
那珂２丁目,100～149㎡,41,128
那珂２丁目,150㎡以上,30,84
那珂３丁目,0～29㎡,106,130
那珂３丁目,30～49㎡,75,140
那珂３丁目,50～69㎡,372,932
那珂３丁目,70～99㎡,188,546
那珂３丁目,100～149㎡,25,76
那珂３丁目,150㎡以上,14,49
那珂４丁目,0～29㎡,48,53
那珂４丁目,30～49㎡,105,200
那珂４丁目,50～69㎡,237,578
那珂４丁目,70～99㎡,199,614
那珂４丁目,100～149㎡,16,47
那珂４丁目,150㎡以上,3,7
那珂５丁目,0～29㎡,85,94
那珂５丁目,30～49㎡,75,117
那珂５丁目,50～69㎡,171,435
那珂５丁目,70～99㎡,103,262
那珂５丁目,100～149㎡,15,47
那珂５丁目,150㎡以上,21,53
那珂６丁目,0～29㎡,88,111
那珂６丁目,30～49㎡,86,151
那珂６丁目,50～69㎡,122,288
那珂６丁目,70～99㎡,99,234
那珂６丁目,100～149㎡,41,115
那珂６丁目,150㎡以上,16,39
板付１丁目,0～29㎡,32,40
板付１丁目,30～49㎡,36,51
板付１丁目,50～69㎡,55,114
板付１丁目,70～99㎡,45,131
板付１丁目,100～149㎡,16,38
板付１丁目,150㎡以上,12,36
板付２丁目,0～29㎡,31,43
板付２丁目,30～49㎡,47,87
板付２丁目,50～69㎡,123,321
板付２丁目,70～99㎡,113,301
板付２丁目,100～149㎡,33,97
板付２丁目,150㎡以上,25,89
板付３丁目,0～29㎡,10,13
板付３丁目,30～49㎡,745,1534
板付３丁目,50～69㎡,719,1594
板付３丁目,70～99㎡,100,284
板付３丁目,100～149㎡,8,26
板付３丁目,150㎡以上,1,6
板付４丁目,0～29㎡,104,133
板付４丁目,30～49㎡,272,491
板付４丁目,50～69㎡,192,459
板付４丁目,70～99㎡,87,209
板付４丁目,100～149㎡,36,96
板付４丁目,150㎡以上,15,50
板付５丁目,0～29㎡,131,180
板付５丁目,30～49㎡,157,252
板付５丁目,50～69㎡,128,323
板付５丁目,70～99㎡,103,278
板付５丁目,100～149㎡,74,212
板付５丁目,150㎡以上,42,135
板付６丁目,0～29㎡,27,40
板付６丁目,30～49㎡,84,163
板付６丁目,50～69㎡,95,225
板付６丁目,70～99㎡,51,132
板付６丁目,100～149㎡,10,31
板付６丁目,150㎡以上,7,27
板付７丁目,0～29㎡,111,136
板付７丁目,30～49㎡,331,686
板付７丁目,50～69㎡,257,627
板付７丁目,70～99㎡,202,571
板付７丁目,100～149㎡,61,159
板付７丁目,150㎡以上,29,77
大字板付,0～29㎡,1,1
大字板付,30～49㎡,2,5
大字板付,50～69㎡,16,38
大字板付,70～99㎡,25,71
大字板付,100～149㎡,1,2
大字板付,150㎡以上,0,0
諸岡１丁目,0～29㎡,13,18
諸岡１丁目,30～49㎡,35,66
諸岡１丁目,50～69㎡,99,240
諸岡１丁目,70～99㎡,109,310
諸岡１丁目,100～149㎡,50,155
諸岡１丁目,150㎡以上,32,119
諸岡２丁目,0～29㎡,93,115
諸岡２丁目,30～49㎡,110,216
諸岡２丁目,50～69㎡,140,323
諸岡２丁目,70～99㎡,93,247
諸岡２丁目,100～149㎡,27,87
諸岡２丁目,150㎡以上,14,36
諸岡３丁目,0～29㎡,326,354
諸岡３丁目,30～49㎡,209,361
諸岡３丁目,50～69㎡,377,869
諸岡３丁目,70～99㎡,538,1519
諸岡３丁目,100～149㎡,128,382
諸岡３丁目,150㎡以上,49,139
諸岡４丁目,0～29㎡,177,212
諸岡４丁目,30～49㎡,135,204
諸岡４丁目,50～69㎡,167,366
諸岡４丁目,70～99㎡,191,425
諸岡４丁目,100～149㎡,107,300
諸岡４丁目,150㎡以上,56,155
諸岡５丁目,0～29㎡,206,242
諸岡５丁目,30～49㎡,145,221
諸岡５丁目,50～69㎡,164,344
諸岡５丁目,70～99㎡,224,568
諸岡５丁目,100～149㎡,112,303
諸岡５丁目,150㎡以上,36,109
諸岡６丁目,0～29㎡,123,152
諸岡６丁目,30～49㎡,121,202
諸岡６丁目,50～69㎡,131,297
諸岡６丁目,70～99㎡,114,274
諸岡６丁目,100～149㎡,79,205
諸岡６丁目,150㎡以上,48,140
麦野１丁目,0～29㎡,47,59
麦野１丁目,30～49㎡,53,80
麦野１丁目,50～69㎡,36,71
麦野１丁目,70～99㎡,70,153
麦野１丁目,100～149㎡,109,266
麦野１丁目,150㎡以上,67,203
麦野２丁目,0～29㎡,32,47
麦野２丁目,30～49㎡,66,149
麦野２丁目,50～69㎡,150,380
麦野２丁目,70～99㎡,75,194
麦野２丁目,100～149㎡,56,145
麦野２丁目,150㎡以上,26,83
麦野３丁目,0～29㎡,42,59
麦野３丁目,30～49㎡,56,126
麦野３丁目,50～69㎡,67,191
麦野３丁目,70～99㎡,76,213
麦野３丁目,100～149㎡,61,200
麦野３丁目,150㎡以上,33,106
麦野４丁目,0～29㎡,259,291
麦野４丁目,30～49㎡,205,324
麦野４丁目,50～69㎡,188,395
麦野４丁目,70～99㎡,143,317
麦野４丁目,100～149㎡,84,217
麦野４丁目,150㎡以上,56,156
麦野５丁目,0～29㎡,133,173
麦野５丁目,30～49㎡,158,282
麦野５丁目,50～69㎡,224,466
麦野５丁目,70～99㎡,193,463
麦野５丁目,100～149㎡,48,122
麦野５丁目,150㎡以上,40,135
麦野６丁目,0～29㎡,256,288
麦野６丁目,30～49㎡,152,212
麦野６丁目,50～69㎡,153,282
麦野６丁目,70～99㎡,113,218
麦野６丁目,100～149㎡,44,105
麦野６丁目,150㎡以上,58,165
井相田１丁目,0～29㎡,0,0
井相田１丁目,30～49㎡,0,0
井相田１丁目,50～69㎡,13,27
井相田１丁目,70～99㎡,48,134
井相田１丁目,100～149㎡,3,13
井相田１丁目,150㎡以上,3,8
井相田２丁目,0～29㎡,15,16
井相田２丁目,30～49㎡,26,45
井相田２丁目,50～69㎡,61,141
井相田２丁目,70～99㎡,80,233
井相田２丁目,100～149㎡,4,11
井相田２丁目,150㎡以上,1,5
井相田３丁目,0～29㎡,96,119
井相田３丁目,30～49㎡,97,160
井相田３丁目,50～69㎡,156,331
井相田３丁目,70～99㎡,130,321
井相田３丁目,100～149㎡,54,157
井相田３丁目,150㎡以上,32,106
三筑１丁目,0～29㎡,40,54
三筑１丁目,30～49㎡,44,91
三筑１丁目,50～69㎡,121,319
三筑１丁目,70～99㎡,184,567
三筑１丁目,100～149㎡,10,28
三筑１丁目,150㎡以上,5,18
三筑２丁目,0～29㎡,188,242
三筑２丁目,30～49㎡,171,315
三筑２丁目,50～69㎡,232,504
三筑２丁目,70～99㎡,234,644
三筑２丁目,100～149㎡,47,124
三筑２丁目,150㎡以上,30,83
相生町１丁目,0～29㎡,0,0
相生町１丁目,30～49㎡,2,2
相生町１丁目,50～69㎡,75,187
相生町１丁目,70～99㎡,119,330
相生町１丁目,100～149㎡,1,2
相生町１丁目,150㎡以上,1,3
相生町２丁目,0～29㎡,149,155
相生町２丁目,30～49㎡,53,89
相生町２丁目,50～69㎡,59,120
相生町２丁目,70～99㎡,50,112
相生町２丁目,100～149㎡,21,58
相生町２丁目,150㎡以上,8,24
相生町３丁目,0～29㎡,81,93
相生町３丁目,30～49㎡,160,278
相生町３丁目,50～69㎡,92,217
相生町３丁目,70～99㎡,72,191
相生町３丁目,100～149㎡,7,16
相生町３丁目,150㎡以上,6,18
銀天町１丁目,0～29㎡,17,18
銀天町１丁目,30～49㎡,16,22
銀天町１丁目,50～69㎡,25,44
銀天町１丁目,70～99㎡,57,145
銀天町１丁目,100～149㎡,8,20
銀天町１丁目,150㎡以上,8,27
銀天町２丁目,0～29㎡,46,46
銀天町２丁目,30～49㎡,30,32
銀天町２丁目,50～69㎡,28,41
銀天町２丁目,70～99㎡,46,107
銀天町２丁目,100～149㎡,5,11
銀天町２丁目,150㎡以上,3,4
銀天町３丁目,0～29㎡,67,75
銀天町３丁目,30～49㎡,102,127
銀天町３丁目,50～69㎡,26,40
銀天町３丁目,70～99㎡,11,21
銀天町３丁目,100～149㎡,6,14
銀天町３丁目,150㎡以上,5,13
寿町１丁目,0～29㎡,2,2
寿町１丁目,30～49㎡,0,0
寿町１丁目,50～69㎡,39,100
寿町１丁目,70～99㎡,0,0
寿町１丁目,100～149㎡,0,0
寿町１丁目,150㎡以上,0,0
寿町２丁目,0～29㎡,235,250
寿町２丁目,30～49㎡,59,60
寿町２丁目,50～69㎡,145,277
寿町２丁目,70～99㎡,115,239
寿町２丁目,100～149㎡,22,46
寿町２丁目,150㎡以上,6,10
寿町３丁目,0～29㎡,95,103
寿町３丁目,30～49㎡,73,81
寿町３丁目,50～69㎡,90,162
寿町３丁目,70～99㎡,163,385
寿町３丁目,100～149㎡,13,36
寿町３丁目,150㎡以上,1,2
昭南町１丁目,0～29㎡,70,76
昭南町１丁目,30～49㎡,48,71
昭南町１丁目,50～69㎡,63,105
昭南町１丁目,70～99㎡,60,119
昭南町１丁目,100～149㎡,13,37
昭南町１丁目,150㎡以上,6,18
昭南町２丁目,0～29㎡,56,62
昭南町２丁目,30～49㎡,27,39
昭南町２丁目,50～69㎡,17,30
昭南町２丁目,70～99㎡,20,31
昭南町２丁目,100～149㎡,8,20
昭南町２丁目,150㎡以上,4,12
昭南町３丁目,0～29㎡,51,59
昭南町３丁目,30～49㎡,39,50
昭南町３丁目,50～69㎡,34,54
昭南町３丁目,70～99㎡,30,65
昭南町３丁目,100～149㎡,10,31
昭南町３丁目,150㎡以上,9,25
新和町１丁目,0～29㎡,5,5
新和町１丁目,30～49㎡,37,62
新和町１丁目,50～69㎡,152,309
新和町１丁目,70～99㎡,58,162
新和町１丁目,100～149㎡,7,20
新和町１丁目,150㎡以上,0,0
新和町２丁目,0～29㎡,89,109
新和町２丁目,30～49㎡,59,87
新和町２丁目,50～69㎡,85,181
新和町２丁目,70～99㎡,83,217
新和町２丁目,100～149㎡,28,79
新和町２丁目,150㎡以上,15,58
西春町１丁目,0～29㎡,82,91
西春町１丁目,30～49㎡,111,180
西春町１丁目,50～69㎡,43,94
西春町１丁目,70～99㎡,61,164
西春町１丁目,100～149㎡,16,46
西春町１丁目,150㎡以上,9,37
西春町２丁目,0～29㎡,20,22
西春町２丁目,30～49㎡,17,25
西春町２丁目,50～69㎡,8,18
西春町２丁目,70～99㎡,6,9
西春町２丁目,100～149㎡,10,27
西春町２丁目,150㎡以上,5,13
西春町３丁目,0～29㎡,63,74
西春町３丁目,30～49㎡,54,93
西春町３丁目,50～69㎡,68,139
西春町３丁目,70～99㎡,28,67
西春町３丁目,100～149㎡,14,40
西春町３丁目,150㎡以上,11,25
西春町４丁目,0～29㎡,11,18
西春町４丁目,30～49㎡,25,38
西春町４丁目,50～69㎡,31,73
西春町４丁目,70～99㎡,27,68
西春町４丁目,100～149㎡,11,31
西春町４丁目,150㎡以上,5,13
春町１丁目,0～29㎡,95,102
春町１丁目,30～49㎡,71,86
春町１丁目,50～69㎡,40,73
春町１丁目,70～99㎡,17,31
春町１丁目,100～149㎡,10,27
春町１丁目,150㎡以上,13,41
春町２丁目,0～29㎡,85,109
春町２丁目,30～49㎡,55,85
春町２丁目,50～69㎡,78,170
春町２丁目,70～99㎡,73,164
春町２丁目,100～149㎡,32,78
春町２丁目,150㎡以上,14,35
春町３丁目,0～29㎡,64,77
春町３丁目,30～49㎡,59,96
春町３丁目,50～69㎡,48,79
春町３丁目,70～99㎡,37,82
春町３丁目,100～149㎡,22,58
春町３丁目,150㎡以上,5,14
東雲町１丁目,0～29㎡,57,59
東雲町１丁目,30～49㎡,27,28
東雲町１丁目,50～69㎡,16,21
東雲町１丁目,70～99㎡,4,4
東雲町１丁目,100～149㎡,6,10
東雲町１丁目,150㎡以上,6,16
東雲町２丁目,0～29㎡,41,46
東雲町２丁目,30～49㎡,90,152
東雲町２丁目,50～69㎡,63,128
東雲町２丁目,70～99㎡,64,169
東雲町２丁目,100～149㎡,7,19
東雲町２丁目,150㎡以上,1,2
東雲町３丁目,0～29㎡,27,34
東雲町３丁目,30～49㎡,42,67
東雲町３丁目,50～69㎡,36,64
東雲町３丁目,70～99㎡,42,113
東雲町３丁目,100～149㎡,14,34
東雲町３丁目,150㎡以上,5,15
東雲町４丁目,0～29㎡,34,38
東雲町４丁目,30～49㎡,51,58
東雲町４丁目,50～69㎡,33,67
東雲町４丁目,70～99㎡,11,24
東雲町４丁目,100～149㎡,5,14
東雲町４丁目,150㎡以上,6,16
光丘町１丁目,0～29㎡,87,100
光丘町１丁目,30～49㎡,73,114
光丘町１丁目,50～69㎡,88,195
光丘町１丁目,70～99㎡,80,197
光丘町１丁目,100～149㎡,14,34
光丘町１丁目,150㎡以上,10,26
光丘町２丁目,0～29㎡,37,39
光丘町２丁目,30～49㎡,21,24
光丘町２丁目,50～69㎡,15,32
光丘町２丁目,70～99㎡,50,157
光丘町２丁目,100～149㎡,15,35
光丘町２丁目,150㎡以上,16,42
光丘町３丁目,0～29㎡,36,43
光丘町３丁目,30～49㎡,17,30
光丘町３丁目,50～69㎡,36,87
光丘町３丁目,70～99㎡,27,67
光丘町３丁目,100～149㎡,16,43
光丘町３丁目,150㎡以上,4,10
南本町１丁目,0～29㎡,60,66
南本町１丁目,30～49㎡,22,27
南本町１丁目,50～69㎡,12,30
南本町１丁目,70～99㎡,25,53
南本町１丁目,100～149㎡,9,19
南本町１丁目,150㎡以上,9,22
南本町２丁目,0～29㎡,24,26
南本町２丁目,30～49㎡,60,86
南本町２丁目,50～69㎡,90,157
南本町２丁目,70～99㎡,31,73
南本町２丁目,100～149㎡,7,28
南本町２丁目,150㎡以上,5,15
南八幡町１丁目,0～29㎡,111,116
南八幡町１丁目,30～49㎡,65,92
南八幡町１丁目,50～69㎡,76,165
南八幡町１丁目,70～99㎡,91,236
南八幡町１丁目,100～149㎡,20,57
南八幡町１丁目,150㎡以上,8,19
南八幡町２丁目,0～29㎡,95,111
南八幡町２丁目,30～49㎡,87,123
南八幡町２丁目,50～69㎡,113,258
南八幡町２丁目,70～99㎡,195,569
南八幡町２丁目,100～149㎡,17,47
南八幡町２丁目,150㎡以上,10,32
竹丘町１丁目,0～29㎡,37,44
竹丘町１丁目,30～49㎡,30,40
竹丘町１丁目,50～69㎡,52,103
竹丘町１丁目,70～99㎡,41,98
竹丘町１丁目,100～149㎡,12,28
竹丘町１丁目,150㎡以上,10,25
竹丘町２丁目,0～29㎡,85,89
竹丘町２丁目,30～49㎡,66,87
竹丘町２丁目,50～69㎡,98,184
竹丘町２丁目,70～99㎡,51,110
竹丘町２丁目,100～149㎡,8,19
竹丘町２丁目,150㎡以上,3,11
竹丘町３丁目,0～29㎡,28,36
竹丘町３丁目,30～49㎡,64,89
竹丘町３丁目,50～69㎡,18,28
竹丘町３丁目,70～99㎡,4,9
竹丘町３丁目,100～149㎡,0,0
竹丘町３丁目,150㎡以上,0,0
元町１丁目,0～29㎡,43,45
元町１丁目,30～49㎡,37,48
元町１丁目,50～69㎡,64,125
元町１丁目,70～99㎡,36,62
元町１丁目,100～149㎡,19,39
元町１丁目,150㎡以上,10,29
元町２丁目,0～29㎡,102,114
元町２丁目,30～49㎡,135,161
元町２丁目,50～69㎡,210,449
元町２丁目,70～99㎡,356,896
元町２丁目,100～149㎡,13,41
元町２丁目,150㎡以上,5,14
元町３丁目,0～29㎡,0,0
元町３丁目,30～49㎡,5,16
元町３丁目,50～69㎡,19,65
元町３丁目,70～99㎡,63,220
元町３丁目,100～149㎡,2,6
元町３丁目,150㎡以上,0,0
青木１丁目,0～29㎡,50,67
青木１丁目,30～49㎡,52,84
青木１丁目,50～69㎡,291,692
青木１丁目,70～99㎡,242,627
青木１丁目,100～149㎡,26,83
青木１丁目,150㎡以上,16,59
青木２丁目,0～29㎡,0,0
青木２丁目,30～49㎡,0,0
青木２丁目,50～69㎡,0,0
青木２丁目,70～99㎡,1,2
青木２丁目,100～149㎡,3,9
青木２丁目,150㎡以上,2,10
空港前１丁目,0～29㎡,10,10
空港前１丁目,30～49㎡,4,4
空港前１丁目,50～69㎡,1,1
空港前１丁目,70～99㎡,0,0
空港前１丁目,100～149㎡,2,6
空港前１丁目,150㎡以上,1,7
空港前２丁目,0～29㎡,138,148
空港前２丁目,30～49㎡,98,141
空港前２丁目,50～69㎡,81,157
空港前２丁目,70～99㎡,73,176
空港前２丁目,100～149㎡,39,110
空港前２丁目,150㎡以上,33,118
空港前３丁目,0～29㎡,207,227
空港前３丁目,30～49㎡,129,176
空港前３丁目,50～69㎡,63,101
空港前３丁目,70～99㎡,75,158
空港前３丁目,100～149㎡,51,137
空港前３丁目,150㎡以上,53,191
空港前４丁目,0～29㎡,9,9
空港前４丁目,30～49㎡,7,11
空港前４丁目,50～69㎡,3,10
空港前４丁目,70～99㎡,10,24
空港前４丁目,100～149㎡,5,12
空港前４丁目,150㎡以上,29,111
空港前５丁目,0～29㎡,5,9
空港前５丁目,30～49㎡,12,29
空港前５丁目,50～69㎡,22,68
空港前５丁目,70～99㎡,49,116
空港前５丁目,100～149㎡,24,71
空港前５丁目,150㎡以上,25,75
東平尾１丁目,0～29㎡,56,79
東平尾１丁目,30～49㎡,73,132
東平尾１丁目,50～69㎡,160,391
東平尾１丁目,70～99㎡,55,143
東平尾１丁目,100～149㎡,10,28
東平尾１丁目,150㎡以上,8,20
東平尾２丁目,0～29㎡,39,62
東平尾２丁目,30～49㎡,64,104
東平尾２丁目,50～69㎡,85,218
東平尾２丁目,70～99㎡,67,190
東平尾２丁目,100～149㎡,37,108
東平尾２丁目,150㎡以上,41,105
東平尾３丁目,0～29㎡,0,0
東平尾３丁目,30～49㎡,0,0
東平尾３丁目,50～69㎡,0,0
東平尾３丁目,70～99㎡,0,0
東平尾３丁目,100～149㎡,0,0
東平尾３丁目,150㎡以上,0,0
東平尾公園１丁目,0～29㎡,0,0
東平尾公園１丁目,30～49㎡,0,0
東平尾公園１丁目,50～69㎡,0,0
東平尾公園１丁目,70～99㎡,0,0
東平尾公園１丁目,100～149㎡,0,0
東平尾公園１丁目,150㎡以上,0,0
東平尾公園２丁目,0～29㎡,0,0
東平尾公園２丁目,30～49㎡,0,0
東平尾公園２丁目,50～69㎡,0,0
東平尾公園２丁目,70～99㎡,0,0
東平尾公園２丁目,100～149㎡,0,0
東平尾公園２丁目,150㎡以上,0,0
月隈１丁目,0～29㎡,3,4
月隈１丁目,30～49㎡,12,34
月隈１丁目,50～69㎡,23,61
月隈１丁目,70～99㎡,20,49
月隈１丁目,100～149㎡,14,50
月隈１丁目,150㎡以上,13,38
月隈２丁目,0～29㎡,15,24
月隈２丁目,30～49㎡,50,106
月隈２丁目,50～69㎡,55,135
月隈２丁目,70～99㎡,44,137
月隈２丁目,100～149㎡,57,203
月隈２丁目,150㎡以上,33,99
月隈３丁目,0～29㎡,12,16
月隈３丁目,30～49㎡,25,51
月隈３丁目,50～69㎡,26,53
月隈３丁目,70～99㎡,22,55
月隈３丁目,100～149㎡,21,71
月隈３丁目,150㎡以上,13,48
月隈４丁目,0～29㎡,0,0
月隈４丁目,30～49㎡,0,0
月隈４丁目,50～69㎡,0,0
月隈４丁目,70～99㎡,0,0
月隈４丁目,100～149㎡,0,0
月隈４丁目,150㎡以上,0,0
月隈５丁目,0～29㎡,0,0
月隈５丁目,30～49㎡,0,0
月隈５丁目,50～69㎡,0,0
月隈５丁目,70～99㎡,0,0
月隈５丁目,100～149㎡,0,0
月隈５丁目,150㎡以上,0,0
月隈６丁目,0～29㎡,60,84
月隈６丁目,30～49㎡,56,110
月隈６丁目,50～69㎡,70,151
月隈６丁目,70～99㎡,32,81
月隈６丁目,100～149㎡,11,38
月隈６丁目,150㎡以上,15,58
立花寺,0～29㎡,27,39
立花寺,30～49㎡,36,55
立花寺,50～69㎡,28,52
立花寺,70～99㎡,50,113
立花寺,100～149㎡,37,103
立花寺,150㎡以上,22,65
金の隈１丁目,0～29㎡,59,83
金の隈１丁目,30～49㎡,96,159
金の隈１丁目,50～69㎡,208,513
金の隈１丁目,70～99㎡,179,462
金の隈１丁目,100～149㎡,60,174
金の隈１丁目,150㎡以上,45,140
金の隈２丁目,0～29㎡,28,39
金の隈２丁目,30～49㎡,42,74
金の隈２丁目,50～69㎡,90,221
金の隈２丁目,70～99㎡,73,173
金の隈２丁目,100～149㎡,59,181
金の隈２丁目,150㎡以上,10,31
金の隈３丁目,0～29㎡,93,120
金の隈３丁目,30～49㎡,108,160
金の隈３丁目,50～69㎡,151,269
金の隈３丁目,70～99㎡,143,354
金の隈３丁目,100～149㎡,54,181
金の隈３丁目,150㎡以上,20,64
博多港,0～29㎡,0,0
博多港,30～49㎡,0,0
博多港,50～69㎡,0,0
博多港,70～99㎡,0,0
博多港,100～149㎡,0,0
博多港,150㎡以上,0,0
