Town,OwnershipType,TotalHouseholds,TotalPopulation
博多駅前１丁目,持ち家,114,240
博多駅前１丁目,公営・都市再生機構・公社の借家,45,54
博多駅前１丁目,民営の借家,513,555
博多駅前１丁目,給与住宅,46,48
博多駅前１丁目,間借り,8,15
博多駅前２丁目,持ち家,35,48
博多駅前２丁目,公営・都市再生機構・公社の借家,103,129
博多駅前２丁目,民営の借家,136,142
博多駅前２丁目,給与住宅,17,19
博多駅前２丁目,間借り,0,0
博多駅前３丁目,持ち家,95,157
博多駅前３丁目,公営・都市再生機構・公社の借家,83,106
博多駅前３丁目,民営の借家,1214,1291
博多駅前３丁目,給与住宅,132,141
博多駅前３丁目,間借り,9,12
博多駅前４丁目,持ち家,395,728
博多駅前４丁目,公営・都市再生機構・公社の借家,293,489
博多駅前４丁目,民営の借家,2504,2849
博多駅前４丁目,給与住宅,164,245
博多駅前４丁目,間借り,30,38
博多駅中央街,持ち家,0,0
博多駅中央街,公営・都市再生機構・公社の借家,57,69
博多駅中央街,民営の借家,12,12
博多駅中央街,給与住宅,0,0
博多駅中央街,間借り,0,0
博多駅東１丁目,持ち家,127,237
博多駅東１丁目,公営・都市再生機構・公社の借家,0,0
博多駅東１丁目,民営の借家,607,670
博多駅東１丁目,給与住宅,54,63
博多駅東１丁目,間借り,11,11
博多駅東２丁目,持ち家,59,121
博多駅東２丁目,公営・都市再生機構・公社の借家,0,0
博多駅東２丁目,民営の借家,307,335
博多駅東２丁目,給与住宅,15,20
博多駅東２丁目,間借り,17,18
博多駅東３丁目,持ち家,77,131
博多駅東３丁目,公営・都市再生機構・公社の借家,123,181
博多駅東３丁目,民営の借家,688,743
博多駅東３丁目,給与住宅,40,41
博多駅東３丁目,間借り,5,5
博多駅南１丁目,持ち家,100,194
博多駅南１丁目,公営・都市再生機構・公社の借家,0,0
博多駅南１丁目,民営の借家,897,970
博多駅南１丁目,給与住宅,75,82
博多駅南１丁目,間借り,6,7
博多駅南２丁目,持ち家,209,489
博多駅南２丁目,公営・都市再生機構・公社の借家,156,364
博多駅南２丁目,民営の借家,1522,1786
博多駅南２丁目,給与住宅,86,130
博多駅南２丁目,間借り,13,14
博多駅南３丁目,持ち家,298,614
博多駅南３丁目,公営・都市再生機構・公社の借家,181,327
博多駅南３丁目,民営の借家,2253,2734
博多駅南３丁目,給与住宅,266,322
博多駅南３丁目,間借り,23,34
博多駅南４丁目,持ち家,86,199
博多駅南４丁目,公営・都市再生機構・公社の借家,133,249
博多駅南４丁目,民営の借家,688,993
博多駅南４丁目,給与住宅,51,77
博多駅南４丁目,間借り,8,18
博多駅南５丁目,持ち家,286,679
博多駅南５丁目,公営・都市再生機構・公社の借家,0,0
博多駅南５丁目,民営の借家,1333,1674
博多駅南５丁目,給与住宅,93,132
博多駅南５丁目,間借り,18,35
博多駅南６丁目,持ち家,293,658
博多駅南６丁目,公営・都市再生機構・公社の借家,0,0
博多駅南６丁目,民営の借家,406,626
博多駅南６丁目,給与住宅,41,83
博多駅南６丁目,間借り,3,4
山王１丁目,持ち家,75,198
山王１丁目,公営・都市再生機構・公社の借家,42,110
山王１丁目,民営の借家,581,1010
山王１丁目,給与住宅,39,74
山王１丁目,間借り,3,8
山王２丁目,持ち家,66,178
山王２丁目,公営・都市再生機構・公社の借家,0,0
山王２丁目,民営の借家,248,338
山王２丁目,給与住宅,30,40
山王２丁目,間借り,2,5
比恵町,持ち家,281,574
比恵町,公営・都市再生機構・公社の借家,0,0
比恵町,民営の借家,2082,2607
比恵町,給与住宅,194,266
比恵町,間借り,5,6
美野島１丁目,持ち家,234,532
美野島１丁目,公営・都市再生機構・公社の借家,0,0
美野島１丁目,民営の借家,1324,1547
美野島１丁目,給与住宅,31,51
美野島１丁目,間借り,26,33
美野島２丁目,持ち家,290,726
美野島２丁目,公営・都市再生機構・公社の借家,0,0
美野島２丁目,民営の借家,2079,2480
美野島２丁目,給与住宅,62,79
美野島２丁目,間借り,31,43
美野島３丁目,持ち家,484,1113
美野島３丁目,公営・都市再生機構・公社の借家,219,388
美野島３丁目,民営の借家,1213,1538
美野島３丁目,給与住宅,27,38
美野島３丁目,間借り,13,22
美野島４丁目,持ち家,523,1395
美野島４丁目,公営・都市再生機構・公社の借家,284,609
美野島４丁目,民営の借家,35,85
美野島４丁目,給与住宅,15,44
美野島４丁目,間借り,0,0
住吉１丁目,持ち家,13,26
住吉１丁目,公営・都市再生機構・公社の借家,0,0
住吉１丁目,民営の借家,18,21
住吉１丁目,給与住宅,1,1
住吉１丁目,間借り,0,0
住吉２丁目,持ち家,112,224
住吉２丁目,公営・都市再生機構・公社の借家,0,0
住吉２丁目,民営の借家,1571,1840
住吉２丁目,給与住宅,42,48
住吉２丁目,間借り,13,19
住吉３丁目,持ち家,95,187
住吉３丁目,公営・都市再生機構・公社の借家,0,0
住吉３丁目,民営の借家,1298,1503
住吉３丁目,給与住宅,42,49
住吉３丁目,間借り,14,15
住吉４丁目,持ち家,224,418
住吉４丁目,公営・都市再生機構・公社の借家,82,127
住吉４丁目,民営の借家,1422,1700
住吉４丁目,給与住宅,33,48
住吉４丁目,間借り,24,35
住吉５丁目,持ち家,407,837
住吉５丁目,公営・都市再生機構・公社の借家,9,25
住吉５丁目,民営の借家,1249,1496
住吉５丁目,給与住宅,24,29
住吉５丁目,間借り,14,18
上川端町,持ち家,141,283
上川端町,公営・都市再生機構・公社の借家,0,0
上川端町,民営の借家,225,271
上川端町,給与住宅,18,35
上川端町,間借り,1,6
下川端町,持ち家,103,148
下川端町,公営・都市再生機構・公社の借家,0,0
下川端町,民営の借家,53,72
下川端町,給与住宅,10,18
下川端町,間借り,1,1
店屋町,持ち家,77,157
店屋町,公営・都市再生機構・公社の借家,49,67
店屋町,民営の借家,338,405
店屋町,給与住宅,25,32
店屋町,間借り,5,5
冷泉町,持ち家,277,502
冷泉町,公営・都市再生機構・公社の借家,0,0
冷泉町,民営の借家,800,910
冷泉町,給与住宅,35,50
冷泉町,間借り,19,24
祇園町,持ち家,145,272
祇園町,公営・都市再生機構・公社の借家,56,70
祇園町,民営の借家,625,765
祇園町,給与住宅,29,38
祇園町,間借り,6,9
中洲１丁目,持ち家,2,4
中洲１丁目,公営・都市再生機構・公社の借家,0,0
中洲１丁目,民営の借家,1,1
中洲１丁目,給与住宅,0,0
中洲１丁目,間借り,0,0
中洲２丁目,持ち家,13,25
中洲２丁目,公営・都市再生機構・公社の借家,0,0
中洲２丁目,民営の借家,52,52
中洲２丁目,給与住宅,0,0
中洲２丁目,間借り,0,0
中洲３丁目,持ち家,9,16
中洲３丁目,公営・都市再生機構・公社の借家,0,0
中洲３丁目,民営の借家,0,0
中洲３丁目,給与住宅,0,0
中洲３丁目,間借り,0,0
中洲４丁目,持ち家,6,16
中洲４丁目,公営・都市再生機構・公社の借家,0,0
中洲４丁目,民営の借家,3,7
中洲４丁目,給与住宅,1,2
中洲４丁目,間借り,0,0
中洲５丁目,持ち家,5,12
中洲５丁目,公営・都市再生機構・公社の借家,0,0
中洲５丁目,民営の借家,517,540
中洲５丁目,給与住宅,5,6
中洲５丁目,間借り,2,2
中洲中島町,持ち家,2,2
中洲中島町,公営・都市再生機構・公社の借家,0,0
中洲中島町,民営の借家,315,392
中洲中島町,給与住宅,12,21
中洲中島町,間借り,1,1
古門戸町,持ち家,133,282
古門戸町,公営・都市再生機構・公社の借家,0,0
古門戸町,民営の借家,448,564
古門戸町,給与住宅,59,73
古門戸町,間借り,10,23
対馬小路,持ち家,212,484
対馬小路,公営・都市再生機構・公社の借家,61,155
対馬小路,民営の借家,617,758
対馬小路,給与住宅,24,39
対馬小路,間借り,2,7
築港本町,持ち家,207,428
築港本町,公営・都市再生機構・公社の借家,79,117
築港本町,民営の借家,1074,1208
築港本町,給与住宅,29,37
築港本町,間借り,8,10
奈良屋町,持ち家,290,680
奈良屋町,公営・都市再生機構・公社の借家,0,0
奈良屋町,民営の借家,500,671
奈良屋町,給与住宅,34,44
奈良屋町,間借り,11,20
神屋町,持ち家,102,231
神屋町,公営・都市再生機構・公社の借家,0,0
神屋町,民営の借家,1264,1507
神屋町,給与住宅,51,72
神屋町,間借り,8,9
須崎町,持ち家,110,256
須崎町,公営・都市再生機構・公社の借家,0,0
須崎町,民営の借家,550,645
須崎町,給与住宅,25,35
須崎町,間借り,17,19
綱場町,持ち家,29,68
綱場町,公営・都市再生機構・公社の借家,43,63
綱場町,民営の借家,376,405
綱場町,給与住宅,22,26
綱場町,間借り,2,2
石城町,持ち家,161,297
石城町,公営・都市再生機構・公社の借家,0,0
石城町,民営の借家,611,686
石城町,給与住宅,22,50
石城町,間借り,2,3
上呉服町,持ち家,240,605
上呉服町,公営・都市再生機構・公社の借家,8,18
上呉服町,民営の借家,443,489
上呉服町,給与住宅,36,49
上呉服町,間借り,7,17
中呉服町,持ち家,78,154
中呉服町,公営・都市再生機構・公社の借家,0,0
中呉服町,民営の借家,772,825
中呉服町,給与住宅,47,63
中呉服町,間借り,7,7
下呉服町,持ち家,186,434
下呉服町,公営・都市再生機構・公社の借家,65,129
下呉服町,民営の借家,959,1105
下呉服町,給与住宅,12,14
下呉服町,間借り,11,18
大博町,持ち家,149,321
大博町,公営・都市再生機構・公社の借家,61,145
大博町,民営の借家,689,896
大博町,給与住宅,19,21
大博町,間借り,13,21
御供所町,持ち家,112,248
御供所町,公営・都市再生機構・公社の借家,0,0
御供所町,民営の借家,532,678
御供所町,給与住宅,34,53
御供所町,間借り,10,14
千代１丁目,持ち家,349,733
千代１丁目,公営・都市再生機構・公社の借家,488,877
千代１丁目,民営の借家,1163,1341
千代１丁目,給与住宅,34,59
千代１丁目,間借り,25,28
千代２丁目,持ち家,58,118
千代２丁目,公営・都市再生機構・公社の借家,199,318
千代２丁目,民営の借家,786,860
千代２丁目,給与住宅,20,22
千代２丁目,間借り,13,16
千代３丁目,持ち家,34,79
千代３丁目,公営・都市再生機構・公社の借家,928,1596
千代３丁目,民営の借家,482,522
千代３丁目,給与住宅,4,5
千代３丁目,間借り,4,7
千代４丁目,持ち家,183,343
千代４丁目,公営・都市再生機構・公社の借家,0,0
千代４丁目,民営の借家,1246,1367
千代４丁目,給与住宅,93,97
千代４丁目,間借り,30,34
千代５丁目,持ち家,218,376
千代５丁目,公営・都市再生機構・公社の借家,406,729
千代５丁目,民営の借家,297,411
千代５丁目,給与住宅,72,73
千代５丁目,間借り,2,4
千代６丁目,持ち家,1,1
千代６丁目,公営・都市再生機構・公社の借家,153,272
千代６丁目,民営の借家,410,414
千代６丁目,給与住宅,2,2
千代６丁目,間借り,1,1
東公園,持ち家,40,90
東公園,公営・都市再生機構・公社の借家,0,0
東公園,民営の借家,187,199
東公園,給与住宅,5,11
東公園,間借り,2,2
吉塚本町,持ち家,261,586
吉塚本町,公営・都市再生機構・公社の借家,115,195
吉塚本町,民営の借家,362,467
吉塚本町,給与住宅,19,34
吉塚本町,間借り,7,13
吉塚１丁目,持ち家,345,868
吉塚１丁目,公営・都市再生機構・公社の借家,132,288
吉塚１丁目,民営の借家,1157,1480
吉塚１丁目,給与住宅,17,30
吉塚１丁目,間借り,35,48
吉塚２丁目,持ち家,409,1016
吉塚２丁目,公営・都市再生機構・公社の借家,0,0
吉塚２丁目,民営の借家,773,1076
吉塚２丁目,給与住宅,22,34
吉塚２丁目,間借り,7,15
吉塚３丁目,持ち家,212,502
吉塚３丁目,公営・都市再生機構・公社の借家,0,0
吉塚３丁目,民営の借家,734,1139
吉塚３丁目,給与住宅,27,39
吉塚３丁目,間借り,22,38
吉塚４丁目,持ち家,565,1359
吉塚４丁目,公営・都市再生機構・公社の借家,110,237
吉塚４丁目,民営の借家,672,1181
吉塚４丁目,給与住宅,46,74
吉塚４丁目,間借り,16,32
吉塚５丁目,持ち家,401,1002
吉塚５丁目,公営・都市再生機構・公社の借家,4,4
吉塚５丁目,民営の借家,472,784
吉塚５丁目,給与住宅,15,29
吉塚５丁目,間借り,10,16
吉塚６丁目,持ち家,290,797
吉塚６丁目,公営・都市再生機構・公社の借家,377,684
吉塚６丁目,民営の借家,861,1103
吉塚６丁目,給与住宅,38,79
吉塚６丁目,間借り,19,24
吉塚７丁目,持ち家,140,308
吉塚７丁目,公営・都市再生機構・公社の借家,302,600
吉塚７丁目,民営の借家,572,900
吉塚７丁目,給与住宅,70,135
吉塚７丁目,間借り,4,12
吉塚８丁目,持ち家,34,97
吉塚８丁目,公営・都市再生機構・公社の借家,94,214
吉塚８丁目,民営の借家,139,168
吉塚８丁目,給与住宅,7,10
吉塚８丁目,間借り,6,12
豊１丁目,持ち家,119,279
豊１丁目,公営・都市再生機構・公社の借家,0,0
豊１丁目,民営の借家,563,725
豊１丁目,給与住宅,41,53
豊１丁目,間借り,2,6
豊２丁目,持ち家,93,211
豊２丁目,公営・都市再生機構・公社の借家,0,0
豊２丁目,民営の借家,321,426
豊２丁目,給与住宅,16,21
豊２丁目,間借り,3,6
榎田１丁目,持ち家,5,12
榎田１丁目,公営・都市再生機構・公社の借家,0,0
榎田１丁目,民営の借家,416,535
榎田１丁目,給与住宅,148,320
榎田１丁目,間借り,1,1
榎田２丁目,持ち家,3,10
榎田２丁目,公営・都市再生機構・公社の借家,0,0
榎田２丁目,民営の借家,18,20
榎田２丁目,給与住宅,9,12
榎田２丁目,間借り,0,0
堅粕１丁目,持ち家,2,7
堅粕１丁目,公営・都市再生機構・公社の借家,485,893
堅粕１丁目,民営の借家,153,156
堅粕１丁目,給与住宅,1,1
堅粕１丁目,間借り,3,3
堅粕２丁目,持ち家,4,12
堅粕２丁目,公営・都市再生機構・公社の借家,377,729
堅粕２丁目,民営の借家,233,237
堅粕２丁目,給与住宅,5,9
堅粕２丁目,間借り,2,2
堅粕３丁目,持ち家,59,140
堅粕３丁目,公営・都市再生機構・公社の借家,322,554
堅粕３丁目,民営の借家,524,631
堅粕３丁目,給与住宅,7,10
堅粕３丁目,間借り,5,7
堅粕４丁目,持ち家,214,482
堅粕４丁目,公営・都市再生機構・公社の借家,22,28
堅粕４丁目,民営の借家,768,904
堅粕４丁目,給与住宅,33,39
堅粕４丁目,間借り,27,40
堅粕５丁目,持ち家,25,64
堅粕５丁目,公営・都市再生機構・公社の借家,0,0
堅粕５丁目,民営の借家,390,437
堅粕５丁目,給与住宅,15,20
堅粕５丁目,間借り,5,6
東光１丁目,持ち家,5,9
東光１丁目,公営・都市再生機構・公社の借家,0,0
東光１丁目,民営の借家,158,171
東光１丁目,給与住宅,6,7
東光１丁目,間借り,0,0
東光２丁目,持ち家,195,411
東光２丁目,公営・都市再生機構・公社の借家,0,0
東光２丁目,民営の借家,346,496
東光２丁目,給与住宅,20,39
東光２丁目,間借り,8,12
東比恵１丁目,持ち家,16,29
東比恵１丁目,公営・都市再生機構・公社の借家,0,0
東比恵１丁目,民営の借家,125,149
東比恵１丁目,給与住宅,7,8
東比恵１丁目,間借り,1,1
東比恵２丁目,持ち家,48,101
東比恵２丁目,公営・都市再生機構・公社の借家,0,0
東比恵２丁目,民営の借家,517,581
東比恵２丁目,給与住宅,145,238
東比恵２丁目,間借り,10,16
東比恵３丁目,持ち家,157,345
東比恵３丁目,公営・都市再生機構・公社の借家,350,647
東比恵３丁目,民営の借家,524,679
東比恵３丁目,給与住宅,71,85
東比恵３丁目,間借り,2,5
東比恵４丁目,持ち家,153,323
東比恵４丁目,公営・都市再生機構・公社の借家,93,193
東比恵４丁目,民営の借家,207,265
東比恵４丁目,給与住宅,35,43
東比恵４丁目,間借り,3,10
上牟田１丁目,持ち家,190,486
上牟田１丁目,公営・都市再生機構・公社の借家,0,0
上牟田１丁目,民営の借家,329,398
上牟田１丁目,給与住宅,44,75
上牟田１丁目,間借り,4,8
上牟田２丁目,持ち家,23,61
上牟田２丁目,公営・都市再生機構・公社の借家,0,0
上牟田２丁目,民営の借家,39,63
上牟田２丁目,給与住宅,2,4
上牟田２丁目,間借り,4,8
上牟田３丁目,持ち家,24,66
上牟田３丁目,公営・都市再生機構・公社の借家,180,419
上牟田３丁目,民営の借家,92,113
上牟田３丁目,給与住宅,34,54
上牟田３丁目,間借り,2,3
大井１丁目,持ち家,8,18
大井１丁目,公営・都市再生機構・公社の借家,0,0
大井１丁目,民営の借家,3,5
大井１丁目,給与住宅,0,0
大井１丁目,間借り,0,0
大井２丁目,持ち家,26,72
大井２丁目,公営・都市再生機構・公社の借家,50,104
大井２丁目,民営の借家,63,99
大井２丁目,給与住宅,7,10
大井２丁目,間借り,5,14
大字下臼井,持ち家,0,0
大字下臼井,公営・都市再生機構・公社の借家,0,0
大字下臼井,民営の借家,0,0
大字下臼井,給与住宅,0,0
大字下臼井,間借り,0,0
大字下月隈,持ち家,0,0
大字下月隈,公営・都市再生機構・公社の借家,0,0
大字下月隈,民営の借家,0,0
大字下月隈,給与住宅,0,0
大字下月隈,間借り,0,0
大字立花寺,持ち家,59,196
大字立花寺,公営・都市再生機構・公社の借家,0,0
大字立花寺,民営の借家,1,3
大字立花寺,給与住宅,0,0
大字立花寺,間借り,1,3
大字金隈,持ち家,0,0
大字金隈,公営・都市再生機構・公社の借家,0,0
大字金隈,民営の借家,0,0
大字金隈,給与住宅,0,0
大字金隈,間借り,0,0
西月隈１丁目,持ち家,86,173
西月隈１丁目,公営・都市再生機構・公社の借家,0,0
西月隈１丁目,民営の借家,56,72
西月隈１丁目,給与住宅,6,6
西月隈１丁目,間借り,3,6
西月隈３丁目,持ち家,346,758
西月隈３丁目,公営・都市再生機構・公社の借家,0,0
西月隈３丁目,民営の借家,92,198
西月隈３丁目,給与住宅,22,42
西月隈３丁目,間借り,11,20
西月隈４丁目,持ち家,0,0
西月隈４丁目,公営・都市再生機構・公社の借家,0,0
西月隈４丁目,民営の借家,0,0
西月隈４丁目,給与住宅,0,0
西月隈４丁目,間借り,0,0
西月隈５丁目,持ち家,121,296
西月隈５丁目,公営・都市再生機構・公社の借家,0,0
西月隈５丁目,民営の借家,109,229
西月隈５丁目,給与住宅,19,21
西月隈５丁目,間借り,4,9
西月隈６丁目,持ち家,8,21
西月隈６丁目,公営・都市再生機構・公社の借家,0,0
西月隈６丁目,民営の借家,12,18
西月隈６丁目,給与住宅,1,1
西月隈６丁目,間借り,1,1
東月隈１丁目,持ち家,228,593
東月隈１丁目,公営・都市再生機構・公社の借家,0,0
東月隈１丁目,民営の借家,12,33
東月隈１丁目,給与住宅,1,5
東月隈１丁目,間借り,6,19
東月隈２丁目,持ち家,215,577
東月隈２丁目,公営・都市再生機構・公社の借家,0,0
東月隈２丁目,民営の借家,13,37
東月隈２丁目,給与住宅,0,0
東月隈２丁目,間借り,0,0
東月隈３丁目,持ち家,320,831
東月隈３丁目,公営・都市再生機構・公社の借家,0,0
東月隈３丁目,民営の借家,79,165
東月隈３丁目,給与住宅,2,4
東月隈３丁目,間借り,2,5
東月隈４丁目,持ち家,7,23
東月隈４丁目,公営・都市再生機構・公社の借家,790,1757
東月隈４丁目,民営の借家,3,4
東月隈４丁目,給与住宅,0,0
東月隈４丁目,間借り,2,3
東月隈５丁目,持ち家,306,801
東月隈５丁目,公営・都市再生機構・公社の借家,0,0
東月隈５丁目,民営の借家,46,118
東月隈５丁目,給与住宅,4,12
東月隈５丁目,間借り,6,15
浦田１丁目,持ち家,370,1048
浦田１丁目,公営・都市再生機構・公社の借家,19,50
浦田１丁目,民営の借家,241,543
浦田１丁目,給与住宅,11,28
浦田１丁目,間借り,8,19
浦田２丁目,持ち家,275,808
浦田２丁目,公営・都市再生機構・公社の借家,0,0
浦田２丁目,民営の借家,131,285
浦田２丁目,給与住宅,7,14
浦田２丁目,間借り,3,6
東那珂１丁目,持ち家,281,771
東那珂１丁目,公営・都市再生機構・公社の借家,138,272
東那珂１丁目,民営の借家,337,638
東那珂１丁目,給与住宅,18,57
東那珂１丁目,間借り,9,22
東那珂２丁目,持ち家,354,910
東那珂２丁目,公営・都市再生機構・公社の借家,0,0
東那珂２丁目,民営の借家,230,386
東那珂２丁目,給与住宅,24,43
東那珂２丁目,間借り,5,8
東那珂３丁目,持ち家,347,939
東那珂３丁目,公営・都市再生機構・公社の借家,0,0
東那珂３丁目,民営の借家,173,387
東那珂３丁目,給与住宅,17,43
東那珂３丁目,間借り,3,10
半道橋１丁目,持ち家,490,1234
半道橋１丁目,公営・都市再生機構・公社の借家,0,0
半道橋１丁目,民営の借家,192,322
半道橋１丁目,給与住宅,20,49
半道橋１丁目,間借り,9,14
半道橋２丁目,持ち家,33,73
半道橋２丁目,公営・都市再生機構・公社の借家,0,0
半道橋２丁目,民営の借家,72,122
半道橋２丁目,給与住宅,3,6
半道橋２丁目,間借り,1,3
竹下１丁目,持ち家,163,413
竹下１丁目,公営・都市再生機構・公社の借家,0,0
竹下１丁目,民営の借家,337,381
竹下１丁目,給与住宅,13,17
竹下１丁目,間借り,5,7
竹下２丁目,持ち家,16,44
竹下２丁目,公営・都市再生機構・公社の借家,0,0
竹下２丁目,民営の借家,313,397
竹下２丁目,給与住宅,28,40
竹下２丁目,間借り,3,4
竹下３丁目,持ち家,0,0
竹下３丁目,公営・都市再生機構・公社の借家,0,0
竹下３丁目,民営の借家,0,0
竹下３丁目,給与住宅,0,0
竹下３丁目,間借り,0,0
竹下４丁目,持ち家,146,320
竹下４丁目,公営・都市再生機構・公社の借家,93,138
竹下４丁目,民営の借家,425,525
竹下４丁目,給与住宅,24,25
竹下４丁目,間借り,8,11
竹下５丁目,持ち家,221,537
竹下５丁目,公営・都市再生機構・公社の借家,0,0
竹下５丁目,民営の借家,462,701
竹下５丁目,給与住宅,24,62
竹下５丁目,間借り,7,14
東光寺町１丁目,持ち家,95,251
東光寺町１丁目,公営・都市再生機構・公社の借家,0,0
東光寺町１丁目,民営の借家,261,436
東光寺町１丁目,給与住宅,9,22
東光寺町１丁目,間借り,4,16
東光寺町２丁目,持ち家,73,219
東光寺町２丁目,公営・都市再生機構・公社の借家,0,0
東光寺町２丁目,民営の借家,182,396
東光寺町２丁目,給与住宅,8,22
東光寺町２丁目,間借り,2,4
那珂１丁目,持ち家,315,804
那珂１丁目,公営・都市再生機構・公社の借家,0,0
那珂１丁目,民営の借家,582,933
那珂１丁目,給与住宅,35,65
那珂１丁目,間借り,19,31
那珂２丁目,持ち家,147,413
那珂２丁目,公営・都市再生機構・公社の借家,0,0
那珂２丁目,民営の借家,388,725
那珂２丁目,給与住宅,28,71
那珂２丁目,間借り,3,3
那珂３丁目,持ち家,197,586
那珂３丁目,公営・都市再生機構・公社の借家,309,767
那珂３丁目,民営の借家,256,473
那珂３丁目,給与住宅,16,42
那珂３丁目,間借り,2,5
那珂４丁目,持ち家,221,635
那珂４丁目,公営・都市再生機構・公社の借家,174,403
那珂４丁目,民営の借家,190,400
那珂４丁目,給与住宅,16,50
那珂４丁目,間借り,7,11
那珂５丁目,持ち家,118,273
那珂５丁目,公営・都市再生機構・公社の借家,0,0
那珂５丁目,民営の借家,327,678
那珂５丁目,給与住宅,25,57
那珂５丁目,間借り,0,0
那珂６丁目,持ち家,114,287
那珂６丁目,公営・都市再生機構・公社の借家,0,0
那珂６丁目,民営の借家,261,508
那珂６丁目,給与住宅,75,139
那珂６丁目,間借り,2,4
板付１丁目,持ち家,78,213
板付１丁目,公営・都市再生機構・公社の借家,0,0
板付１丁目,民営の借家,115,193
板付１丁目,給与住宅,1,2
板付１丁目,間借り,2,2
板付２丁目,持ち家,215,616
板付２丁目,公営・都市再生機構・公社の借家,0,0
板付２丁目,民営の借家,143,289
板付２丁目,給与住宅,10,25
板付２丁目,間借り,4,8
板付３丁目,持ち家,141,404
板付３丁目,公営・都市再生機構・公社の借家,1404,2968
板付３丁目,民営の借家,36,78
板付３丁目,給与住宅,1,5
板付３丁目,間借り,1,2
板付４丁目,持ち家,114,291
板付４丁目,公営・都市再生機構・公社の借家,206,428
板付４丁目,民営の借家,364,662
板付４丁目,給与住宅,18,46
板付４丁目,間借り,4,11
板付５丁目,持ち家,214,591
板付５丁目,公営・都市再生機構・公社の借家,0,0
板付５丁目,民営の借家,400,735
板付５丁目,給与住宅,17,48
板付５丁目,間借り,4,6
板付６丁目,持ち家,61,168
板付６丁目,公営・都市再生機構・公社の借家,0,0
板付６丁目,民営の借家,158,335
板付６丁目,給与住宅,51,103
板付６丁目,間借り,5,13
板付７丁目,持ち家,314,838
板付７丁目,公営・都市再生機構・公社の借家,311,688
板付７丁目,民営の借家,339,660
板付７丁目,給与住宅,21,52
板付７丁目,間借り,6,18
大字板付,持ち家,34,81
大字板付,公営・都市再生機構・公社の借家,0,0
大字板付,民営の借家,9,29
大字板付,給与住宅,0,0
大字板付,間借り,2,7
諸岡１丁目,持ち家,185,546
諸岡１丁目,公営・都市再生機構・公社の借家,0,0
諸岡１丁目,民営の借家,142,335
諸岡１丁目,給与住宅,10,26
諸岡１丁目,間借り,1,1
諸岡２丁目,持ち家,133,352
諸岡２丁目,公営・都市再生機構・公社の借家,0,0
諸岡２丁目,民営の借家,325,631
諸岡２丁目,給与住宅,15,32
諸岡２丁目,間借り,4,9
諸岡３丁目,持ち家,670,1883
諸岡３丁目,公営・都市再生機構・公社の借家,0,0
諸岡３丁目,民営の借家,835,1475
諸岡３丁目,給与住宅,114,251
諸岡３丁目,間借り,8,15
諸岡４丁目,持ち家,357,897
諸岡４丁目,公営・都市再生機構・公社の借家,0,0
諸岡４丁目,民営の借家,457,721
諸岡４丁目,給与住宅,15,39
諸岡４丁目,間借り,4,5
諸岡５丁目,持ち家,321,869
諸岡５丁目,公営・都市再生機構・公社の借家,47,99
諸岡５丁目,民営の借家,490,753
諸岡５丁目,給与住宅,22,54
諸岡５丁目,間借り,7,12
諸岡６丁目,持ち家,256,635
諸岡６丁目,公営・都市再生機構・公社の借家,0,0
諸岡６丁目,民営の借家,329,576
諸岡６丁目,給与住宅,20,37
諸岡６丁目,間借り,11,22
麦野１丁目,持ち家,254,613
麦野１丁目,公営・都市再生機構・公社の借家,0,0
麦野１丁目,民営の借家,114,189
麦野１丁目,給与住宅,6,17
麦野１丁目,間借り,8,13
麦野２丁目,持ち家,189,483
麦野２丁目,公営・都市再生機構・公社の借家,0,0
麦野２丁目,民営の借家,203,481
麦野２丁目,給与住宅,5,15
麦野２丁目,間借り,8,19
麦野３丁目,持ち家,120,372
麦野３丁目,公営・都市再生機構・公社の借家,0,0
麦野３丁目,民営の借家,194,471
麦野３丁目,給与住宅,11,36
麦野３丁目,間借り,10,16
麦野４丁目,持ち家,245,588
麦野４丁目,公営・都市再生機構・公社の借家,0,0
麦野４丁目,民営の借家,628,960
麦野４丁目,給与住宅,49,130
麦野４丁目,間借り,15,24
麦野５丁目,持ち家,288,697
麦野５丁目,公営・都市再生機構・公社の借家,0,0
麦野５丁目,民営の借家,478,890
麦野５丁目,給与住宅,21,33
麦野５丁目,間借り,9,21
麦野６丁目,持ち家,179,445
麦野６丁目,公営・都市再生機構・公社の借家,0,0
麦野６丁目,民営の借家,564,762
麦野６丁目,給与住宅,23,48
麦野６丁目,間借り,10,15
井相田１丁目,持ち家,62,161
井相田１丁目,公営・都市再生機構・公社の借家,0,0
井相田１丁目,民営の借家,8,21
井相田１丁目,給与住宅,1,4
井相田１丁目,間借り,0,0
井相田２丁目,持ち家,78,224
井相田２丁目,公営・都市再生機構・公社の借家,0,0
井相田２丁目,民営の借家,101,199
井相田２丁目,給与住宅,7,24
井相田２丁目,間借り,1,4
井相田３丁目,持ち家,188,484
井相田３丁目,公営・都市再生機構・公社の借家,0,0
井相田３丁目,民営の借家,336,607
井相田３丁目,給与住宅,29,74
井相田３丁目,間借り,12,29
三筑１丁目,持ち家,208,588
三筑１丁目,公営・都市再生機構・公社の借家,0,0
三筑１丁目,民営の借家,176,437
三筑１丁目,給与住宅,19,50
三筑１丁目,間借り,1,2
三筑２丁目,持ち家,259,714
三筑２丁目,公営・都市再生機構・公社の借家,0,0
三筑２丁目,民営の借家,613,1131
三筑２丁目,給与住宅,20,42
三筑２丁目,間借り,10,25
相生町１丁目,持ち家,189,501
相生町１丁目,公営・都市再生機構・公社の借家,0,0
相生町１丁目,民営の借家,3,6
相生町１丁目,給与住宅,5,15
相生町１丁目,間借り,1,2
相生町２丁目,持ち家,101,237
相生町２丁目,公営・都市再生機構・公社の借家,0,0
相生町２丁目,民営の借家,214,251
相生町２丁目,給与住宅,24,69
相生町２丁目,間借り,1,1
相生町３丁目,持ち家,69,186
相生町３丁目,公営・都市再生機構・公社の借家,0,0
相生町３丁目,民営の借家,333,589
相生町３丁目,給与住宅,13,33
相生町３丁目,間借り,3,5
銀天町１丁目,持ち家,83,208
銀天町１丁目,公営・都市再生機構・公社の借家,0,0
銀天町１丁目,民営の借家,45,59
銀天町１丁目,給与住宅,3,9
銀天町１丁目,間借り,0,0
銀天町２丁目,持ち家,65,138
銀天町２丁目,公営・都市再生機構・公社の借家,0,0
銀天町２丁目,民営の借家,84,93
銀天町２丁目,給与住宅,7,7
銀天町２丁目,間借り,2,3
銀天町３丁目,持ち家,17,42
銀天町３丁目,公営・都市再生機構・公社の借家,46,61
銀天町３丁目,民営の借家,148,178
銀天町３丁目,給与住宅,4,6
銀天町３丁目,間借り,2,3
寿町１丁目,持ち家,0,0
寿町１丁目,公営・都市再生機構・公社の借家,0,0
寿町１丁目,民営の借家,0,0
寿町１丁目,給与住宅,41,102
寿町１丁目,間借り,0,0
寿町２丁目,持ち家,176,351
寿町２丁目,公営・都市再生機構・公社の借家,0,0
寿町２丁目,民営の借家,391,507
寿町２丁目,給与住宅,14,23
寿町２丁目,間借り,1,1
寿町３丁目,持ち家,200,477
寿町３丁目,公営・都市再生機構・公社の借家,0,0
寿町３丁目,民営の借家,217,268
寿町３丁目,給与住宅,17,23
寿町３丁目,間借り,1,1
昭南町１丁目,持ち家,96,212
昭南町１丁目,公営・都市再生機構・公社の借家,0,0
昭南町１丁目,民営の借家,156,201
昭南町１丁目,給与住宅,4,8
昭南町１丁目,間借り,4,5
昭南町２丁目,持ち家,28,61
昭南町２丁目,公営・都市再生機構・公社の借家,0,0
昭南町２丁目,民営の借家,103,132
昭南町２丁目,給与住宅,1,1
昭南町２丁目,間借り,0,0
昭南町３丁目,持ち家,52,133
昭南町３丁目,公営・都市再生機構・公社の借家,0,0
昭南町３丁目,民営の借家,120,149
昭南町３丁目,給与住宅,0,0
昭南町３丁目,間借り,1,2
新和町１丁目,持ち家,89,228
新和町１丁目,公営・都市再生機構・公社の借家,146,283
新和町１丁目,民営の借家,15,25
新和町１丁目,給与住宅,7,19
新和町１丁目,間借り,2,3
新和町２丁目,持ち家,149,399
新和町２丁目,公営・都市再生機構・公社の借家,0,0
新和町２丁目,民営の借家,200,316
新和町２丁目,給与住宅,6,12
新和町２丁目,間借り,4,4
西春町１丁目,持ち家,64,186
西春町１丁目,公営・都市再生機構・公社の借家,73,119
西春町１丁目,民営の借家,168,267
西春町１丁目,給与住宅,15,32
西春町１丁目,間借り,2,8
西春町２丁目,持ち家,21,54
西春町２丁目,公営・都市再生機構・公社の借家,0,0
西春町２丁目,民営の借家,42,56
西春町２丁目,給与住宅,4,6
西春町２丁目,間借り,0,0
西春町３丁目,持ち家,49,123
西春町３丁目,公営・都市再生機構・公社の借家,0,0
西春町３丁目,民営の借家,181,302
西春町３丁目,給与住宅,7,12
西春町３丁目,間借り,1,1
西春町４丁目,持ち家,47,132
西春町４丁目,公営・都市再生機構・公社の借家,0,0
西春町４丁目,民営の借家,61,104
西春町４丁目,給与住宅,1,4
西春町４丁目,間借り,1,1
春町１丁目,持ち家,45,116
春町１丁目,公営・都市再生機構・公社の借家,0,0
春町１丁目,民営の借家,186,226
春町１丁目,給与住宅,14,14
春町１丁目,間借り,1,4
春町２丁目,持ち家,102,242
春町２丁目,公営・都市再生機構・公社の借家,0,0
春町２丁目,民営の借家,224,373
春町２丁目,給与住宅,10,24
春町２丁目,間借り,1,2
春町３丁目,持ち家,64,156
春町３丁目,公営・都市再生機構・公社の借家,0,0
春町３丁目,民営の借家,162,235
春町３丁目,給与住宅,8,14
春町３丁目,間借り,1,1
東雲町１丁目,持ち家,15,31
東雲町１丁目,公営・都市再生機構・公社の借家,0,0
東雲町１丁目,民営の借家,98,103
東雲町１丁目,給与住宅,2,2
東雲町１丁目,間借り,1,2
東雲町２丁目,持ち家,69,169
東雲町２丁目,公営・都市再生機構・公社の借家,0,0
東雲町２丁目,民営の借家,186,326
東雲町２丁目,給与住宅,8,15
東雲町２丁目,間借り,3,6
東雲町３丁目,持ち家,74,190
東雲町３丁目,公営・都市再生機構・公社の借家,0,0
東雲町３丁目,民営の借家,85,123
東雲町３丁目,給与住宅,4,8
東雲町３丁目,間借り,3,6
東雲町４丁目,持ち家,13,36
東雲町４丁目,公営・都市再生機構・公社の借家,0,0
東雲町４丁目,民営の借家,115,156
東雲町４丁目,給与住宅,11,21
東雲町４丁目,間借り,1,4
光丘町１丁目,持ち家,64,165
光丘町１丁目,公営・都市再生機構・公社の借家,0,0
光丘町１丁目,民営の借家,275,475
光丘町１丁目,給与住宅,11,24
光丘町１丁目,間借り,2,2
光丘町２丁目,持ち家,79,226
光丘町２丁目,公営・都市再生機構・公社の借家,0,0
光丘町２丁目,民営の借家,72,97
光丘町２丁目,給与住宅,3,6
光丘町２丁目,間借り,0,0
光丘町３丁目,持ち家,45,116
光丘町３丁目,公営・都市再生機構・公社の借家,0,0
光丘町３丁目,民営の借家,81,135
光丘町３丁目,給与住宅,8,25
光丘町３丁目,間借り,2,4
南本町１丁目,持ち家,49,112
南本町１丁目,公営・都市再生機構・公社の借家,0,0
南本町１丁目,民営の借家,88,105
南本町１丁目,給与住宅,0,0
南本町１丁目,間借り,0,0
南本町２丁目,持ち家,52,108
南本町２丁目,公営・都市再生機構・公社の借家,101,172
南本町２丁目,民営の借家,62,102
南本町２丁目,給与住宅,2,3
南本町２丁目,間借り,0,0
南八幡町１丁目,持ち家,134,378
南八幡町１丁目,公営・都市再生機構・公社の借家,0,0
南八幡町１丁目,民営の借家,226,287
南八幡町１丁目,給与住宅,3,8
南八幡町１丁目,間借り,8,12
南八幡町２丁目,持ち家,221,632
南八幡町２丁目,公営・都市再生機構・公社の借家,0,0
南八幡町２丁目,民営の借家,278,456
南八幡町２丁目,給与住宅,11,39
南八幡町２丁目,間借り,7,13
竹丘町１丁目,持ち家,81,179
竹丘町１丁目,公営・都市再生機構・公社の借家,0,0
竹丘町１丁目,民営の借家,92,143
竹丘町１丁目,給与住宅,8,15
竹丘町１丁目,間借り,1,1
竹丘町２丁目,持ち家,70,146
竹丘町２丁目,公営・都市再生機構・公社の借家,0,0
竹丘町２丁目,民営の借家,227,327
竹丘町２丁目,給与住宅,13,26
竹丘町２丁目,間借り,1,1
竹丘町３丁目,持ち家,0,0
竹丘町３丁目,公営・都市再生機構・公社の借家,114,162
竹丘町３丁目,民営の借家,0,0
竹丘町３丁目,給与住宅,0,0
竹丘町３丁目,間借り,0,0
元町１丁目,持ち家,79,156
元町１丁目,公営・都市再生機構・公社の借家,0,0
元町１丁目,民営の借家,116,167
元町１丁目,給与住宅,13,24
元町１丁目,間借り,1,1
元町２丁目,持ち家,419,895
元町２丁目,公営・都市再生機構・公社の借家,0,0
元町２丁目,民営の借家,289,425
元町２丁目,給与住宅,110,349
元町２丁目,間借り,3,6
元町３丁目,持ち家,22,57
元町３丁目,公営・都市再生機構・公社の借家,0,0
元町３丁目,民営の借家,2,7
元町３丁目,給与住宅,64,239
元町３丁目,間借り,1,4
青木１丁目,持ち家,454,1161
青木１丁目,公営・都市再生機構・公社の借家,0,0
青木１丁目,民営の借家,188,349
青木１丁目,給与住宅,28,81
青木１丁目,間借り,8,24
青木２丁目,持ち家,6,21
青木２丁目,公営・都市再生機構・公社の借家,0,0
青木２丁目,民営の借家,0,0
青木２丁目,給与住宅,0,0
青木２丁目,間借り,0,0
空港前１丁目,持ち家,3,13
空港前１丁目,公営・都市再生機構・公社の借家,0,0
空港前１丁目,民営の借家,15,15
空港前１丁目,給与住宅,0,0
空港前１丁目,間借り,0,0
空港前２丁目,持ち家,106,316
空港前２丁目,公営・都市再生機構・公社の借家,0,0
空港前２丁目,民営の借家,328,485
空港前２丁目,給与住宅,26,43
空港前２丁目,間借り,2,6
空港前３丁目,持ち家,162,460
空港前３丁目,公営・都市再生機構・公社の借家,0,0
空港前３丁目,民営の借家,349,451
空港前３丁目,給与住宅,61,72
空港前３丁目,間借り,6,7
空港前４丁目,持ち家,40,137
空港前４丁目,公営・都市再生機構・公社の借家,0,0
空港前４丁目,民営の借家,14,25
空港前４丁目,給与住宅,7,8
空港前４丁目,間借り,2,7
空港前５丁目,持ち家,77,217
空港前５丁目,公営・都市再生機構・公社の借家,20,41
空港前５丁目,民営の借家,35,95
空港前５丁目,給与住宅,3,12
空港前５丁目,間借り,2,3
東平尾１丁目,持ち家,24,62
東平尾１丁目,公営・都市再生機構・公社の借家,0,0
東平尾１丁目,民営の借家,300,620
東平尾１丁目,給与住宅,37,106
東平尾１丁目,間借り,5,9
東平尾２丁目,持ち家,102,275
東平尾２丁目,公営・都市再生機構・公社の借家,0,0
東平尾２丁目,民営の借家,206,455
東平尾２丁目,給与住宅,21,49
東平尾２丁目,間借り,4,8
東平尾３丁目,持ち家,0,0
東平尾３丁目,公営・都市再生機構・公社の借家,0,0
東平尾３丁目,民営の借家,0,0
東平尾３丁目,給与住宅,0,0
東平尾３丁目,間借り,0,0
東平尾公園１丁目,持ち家,0,0
東平尾公園１丁目,公営・都市再生機構・公社の借家,0,0
東平尾公園１丁目,民営の借家,0,0
東平尾公園１丁目,給与住宅,0,0
東平尾公園１丁目,間借り,0,0
東平尾公園２丁目,持ち家,0,0
東平尾公園２丁目,公営・都市再生機構・公社の借家,0,0
東平尾公園２丁目,民営の借家,0,0
東平尾公園２丁目,給与住宅,0,0
東平尾公園２丁目,間借り,0,0
月隈１丁目,持ち家,33,106
月隈１丁目,公営・都市再生機構・公社の借家,0,0
月隈１丁目,民営の借家,47,114
月隈１丁目,給与住宅,0,0
月隈１丁目,間借り,5,16
月隈２丁目,持ち家,129,410
月隈２丁目,公営・都市再生機構・公社の借家,0,0
月隈２丁目,民営の借家,111,268
月隈２丁目,給与住宅,10,21
月隈２丁目,間借り,4,5
月隈３丁目,持ち家,53,161
月隈３丁目,公営・都市再生機構・公社の借家,13,27
月隈３丁目,民営の借家,46,90
月隈３丁目,給与住宅,4,5
月隈３丁目,間借り,4,12
月隈４丁目,持ち家,0,0
月隈４丁目,公営・都市再生機構・公社の借家,0,0
月隈４丁目,民営の借家,0,0
月隈４丁目,給与住宅,0,0
月隈４丁目,間借り,0,0
月隈５丁目,持ち家,0,0
月隈５丁目,公営・都市再生機構・公社の借家,0,0
月隈５丁目,民営の借家,0,0
月隈５丁目,給与住宅,0,0
月隈５丁目,間借り,0,0
月隈６丁目,持ち家,28,91
月隈６丁目,公営・都市再生機構・公社の借家,0,0
月隈６丁目,民営の借家,205,401
月隈６丁目,給与住宅,5,14
月隈６丁目,間借り,6,16
立花寺,持ち家,84,220
立花寺,公営・都市再生機構・公社の借家,0,0
立花寺,民営の借家,110,193
立花寺,給与住宅,3,9
立花寺,間借り,3,5
金の隈１丁目,持ち家,355,900
金の隈１丁目,公営・都市再生機構・公社の借家,0,0
金の隈１丁目,民営の借家,229,452
金の隈１丁目,給与住宅,55,156
金の隈１丁目,間借り,8,23
金の隈２丁目,持ち家,184,502
金の隈２丁目,公営・都市再生機構・公社の借家,0,0
金の隈２丁目,民営の借家,109,201
金の隈２丁目,給与住宅,4,6
金の隈２丁目,間借り,5,10
金の隈３丁目,持ち家,238,634
金の隈３丁目,公営・都市再生機構・公社の借家,0,0
金の隈３丁目,民営の借家,309,466
金の隈３丁目,給与住宅,16,32
金の隈３丁目,間借り,6,16
博多港,持ち家,0,0
博多港,公営・都市再生機構・公社の借家,0,0
博多港,民営の借家,0,0
博多港,給与住宅,0,0
博多港,間借り,0,0